,timestamp_year,timestamp_month,timestamp_day,total_irradiance
0,1980,1,2,
1,1980,1,3,
2,1980,1,4,
3,1980,1,5,
4,1980,1,6,
5,1980,1,7,
6,1980,1,8,
7,1980,1,9,
8,1980,1,10,
9,1980,1,11,
10,1980,1,12,
11,1980,1,13,
12,1980,1,14,
13,1980,1,15,
14,1980,1,16,
15,1980,1,17,
16,1980,1,18,
17,1980,1,19,
18,1980,1,20,
19,1980,1,21,
20,1980,1,22,
21,1980,1,23,
22,1980,1,24,
23,1980,1,25,
24,1980,1,26,
25,1980,1,27,
26,1980,1,28,
27,1980,1,29,
28,1980,1,30,
29,1980,1,31,
30,1980,2,1,
31,1980,2,2,
32,1980,2,3,
33,1980,2,4,
34,1980,2,5,
35,1980,2,6,
36,1980,2,7,
37,1980,2,8,
38,1980,2,9,
39,1980,2,10,
40,1980,2,11,
41,1980,2,12,
42,1980,2,13,
43,1980,2,14,
44,1980,2,15,
45,1980,2,16,1367.776
46,1980,2,17,1367.898
47,1980,2,18,1368.06
48,1980,2,19,
49,1980,2,20,1368.2020000000002
50,1980,2,21,1368.3829999999998
51,1980,2,22,1368.305
52,1980,2,23,1368.227
53,1980,2,24,1367.995
54,1980,2,25,1367.973
55,1980,2,26,1368.293
56,1980,2,27,1368.5
57,1980,2,28,1368.7979999999998
58,1980,2,29,1368.984
59,1980,3,1,1368.997
60,1980,3,2,1368.7679999999998
61,1980,3,3,1368.807
62,1980,3,4,1368.819
63,1980,3,5,1368.8010000000002
64,1980,3,6,1368.612
65,1980,3,7,1368.6170000000002
66,1980,3,8,1368.594
67,1980,3,9,1368.4270000000001
68,1980,3,10,1368.651
69,1980,3,11,1368.608
70,1980,3,12,1368.808
71,1980,3,13,1368.756
72,1980,3,14,1368.829
73,1980,3,15,1368.662
74,1980,3,16,1368.7820000000002
75,1980,3,17,1368.85
76,1980,3,18,1368.911
77,1980,3,19,1368.8970000000002
78,1980,3,20,1368.8529999999998
79,1980,3,21,1368.645
80,1980,3,22,1368.714
81,1980,3,23,1368.73
82,1980,3,24,1368.69
83,1980,3,25,1369.046
84,1980,3,26,1369.096
85,1980,3,27,1369.112
86,1980,3,28,1369.0420000000001
87,1980,3,29,1368.905
88,1980,3,30,1368.5970000000002
89,1980,3,31,1368.4279999999999
90,1980,4,1,1368.61
91,1980,4,2,1368.672
92,1980,4,3,1368.723
93,1980,4,4,1368.61
94,1980,4,5,1368.174
95,1980,4,6,1367.396
96,1980,4,7,1366.664
97,1980,4,8,1366.3310000000001
98,1980,4,9,1366.5279999999998
99,1980,4,10,1366.8370000000002
100,1980,4,11,
101,1980,4,12,1367.1860000000001
102,1980,4,13,1367.521
103,1980,4,14,1367.736
104,1980,4,15,1368.15
105,1980,4,16,1368.521
106,1980,4,17,1368.9660000000001
107,1980,4,18,1369.171
108,1980,4,19,1369.299
109,1980,4,20,1369.2160000000001
110,1980,4,21,1368.828
111,1980,4,22,1368.4279999999999
112,1980,4,23,1368.3310000000001
113,1980,4,24,1368.3110000000001
114,1980,4,25,1368.494
115,1980,4,26,1368.628
116,1980,4,27,1368.7079999999999
117,1980,4,28,1368.774
118,1980,4,29,1368.655
119,1980,4,30,1368.5770000000002
120,1980,5,1,1368.305
121,1980,5,2,1368.3029999999999
122,1980,5,3,1367.741
123,1980,5,4,1367.889
124,1980,5,5,1368.229
125,1980,5,6,1368.467
126,1980,5,7,1368.737
127,1980,5,8,1368.9260000000002
128,1980,5,9,1369.0829999999999
129,1980,5,10,1368.96
130,1980,5,11,
131,1980,5,12,1368.4279999999999
132,1980,5,13,1368.354
133,1980,5,14,1368.2679999999998
134,1980,5,15,1368.8020000000001
135,1980,5,16,1368.886
136,1980,5,17,1368.725
137,1980,5,18,1368.67
138,1980,5,19,1368.5620000000001
139,1980,5,20,1368.389
140,1980,5,21,1368.1970000000001
141,1980,5,22,1367.9089999999999
142,1980,5,23,1367.592
143,1980,5,24,1367.3220000000001
144,1980,5,25,1367.219
145,1980,5,26,1367.24
146,1980,5,27,1367.4489999999998
147,1980,5,28,1367.6729999999998
148,1980,5,29,1367.971
149,1980,5,30,1368.339
150,1980,5,31,1368.465
151,1980,6,1,1368.385
152,1980,6,2,1368.269
153,1980,6,3,1368.297
154,1980,6,4,1368.358
155,1980,6,5,1368.4720000000002
156,1980,6,6,1368.496
157,1980,6,7,1368.506
158,1980,6,8,1368.55
159,1980,6,9,1368.726
160,1980,6,10,1368.569
161,1980,6,11,1368.631
162,1980,6,12,1368.516
163,1980,6,13,1368.539
164,1980,6,14,1368.484
165,1980,6,15,1368.365
166,1980,6,16,1368.467
167,1980,6,17,1368.67
168,1980,6,18,1368.957
169,1980,6,19,1369.0739999999998
170,1980,6,20,1368.9229999999998
171,1980,6,21,1368.683
172,1980,6,22,1368.389
173,1980,6,23,1368.1429999999998
174,1980,6,24,1368.11
175,1980,6,25,1368.223
176,1980,6,26,1368.375
177,1980,6,27,1368.519
178,1980,6,28,1368.619
179,1980,6,29,1368.476
180,1980,6,30,1368.3470000000002
181,1980,7,1,1368.4660000000001
182,1980,7,2,1368.5529999999999
183,1980,7,3,1368.415
184,1980,7,4,1368.306
185,1980,7,5,1368.2839999999999
186,1980,7,6,1368.41
187,1980,7,7,1368.4070000000002
188,1980,7,8,1368.3410000000001
189,1980,7,9,
190,1980,7,10,1368.3429999999998
191,1980,7,11,1368.3029999999999
192,1980,7,12,1368.152
193,1980,7,13,1367.95
194,1980,7,14,1367.935
195,1980,7,15,1368.182
196,1980,7,16,1368.1660000000002
197,1980,7,17,1368.126
198,1980,7,18,1368.05
199,1980,7,19,1368.0220000000002
200,1980,7,20,1368.1979999999999
201,1980,7,21,1368.205
202,1980,7,22,1368.336
203,1980,7,23,1368.618
204,1980,7,24,1368.781
205,1980,7,25,1369.38
206,1980,7,26,1369.4879999999998
207,1980,7,27,1369.3239999999998
208,1980,7,28,1369.12
209,1980,7,29,1369.146
210,1980,7,30,
211,1980,7,31,1368.5829999999999
212,1980,8,1,1368.501
213,1980,8,2,1368.465
214,1980,8,3,1368.611
215,1980,8,4,1368.6779999999999
216,1980,8,5,1368.6670000000001
217,1980,8,6,1368.5810000000001
218,1980,8,7,1368.546
219,1980,8,8,1368.49
220,1980,8,9,1368.549
221,1980,8,10,1368.6070000000002
222,1980,8,11,1368.662
223,1980,8,12,1368.8570000000002
224,1980,8,13,1368.817
225,1980,8,14,1368.8729999999998
226,1980,8,15,1369.144
227,1980,8,16,1369.05
228,1980,8,17,1368.7620000000002
229,1980,8,18,1368.625
230,1980,8,19,1368.599
231,1980,8,20,1368.4070000000002
232,1980,8,21,1368.4779999999998
233,1980,8,22,1368.646
234,1980,8,23,1368.579
235,1980,8,24,1368.422
236,1980,8,25,1368.36
237,1980,8,26,1368.285
238,1980,8,27,1368.276
239,1980,8,28,1368.141
240,1980,8,29,1368.128
241,1980,8,30,1367.721
242,1980,8,31,1367.203
243,1980,9,1,1367.057
244,1980,9,2,
245,1980,9,3,1366.63
246,1980,9,4,1366.642
247,1980,9,5,1367.1960000000001
248,1980,9,6,1367.828
249,1980,9,7,1368.339
250,1980,9,8,1368.744
251,1980,9,9,1369.0520000000001
252,1980,9,10,1368.934
253,1980,9,11,1369.0320000000002
254,1980,9,12,1368.921
255,1980,9,13,1368.753
256,1980,9,14,1368.621
257,1980,9,15,1368.461
258,1980,9,16,1368.557
259,1980,9,17,1368.6470000000002
260,1980,9,18,1368.625
261,1980,9,19,1368.79
262,1980,9,20,1368.5720000000001
263,1980,9,21,1368.4170000000001
264,1980,9,22,1368.2779999999998
265,1980,9,23,1367.896
266,1980,9,24,1367.994
267,1980,9,25,1368.119
268,1980,9,26,1368.5629999999999
269,1980,9,27,1368.809
270,1980,9,28,1368.734
271,1980,9,29,1368.4920000000002
272,1980,9,30,1368.609
273,1980,10,1,1368.4720000000002
274,1980,10,2,1368.691
275,1980,10,3,1368.904
276,1980,10,4,1368.9360000000001
277,1980,10,5,1368.781
278,1980,10,6,1368.8870000000002
279,1980,10,7,1368.885
280,1980,10,8,1368.835
281,1980,10,9,1368.369
282,1980,10,10,1368.0720000000001
283,1980,10,11,1367.485
284,1980,10,12,1367.336
285,1980,10,13,1367.3270000000002
286,1980,10,14,1367.433
287,1980,10,15,1368.2079999999999
288,1980,10,16,1368.729
289,1980,10,17,1369.026
290,1980,10,18,1368.93
291,1980,10,19,1368.514
292,1980,10,20,1368.0610000000001
293,1980,10,21,1367.84
294,1980,10,22,1367.503
295,1980,10,23,1367.545
296,1980,10,24,1367.8139999999999
297,1980,10,25,1368.3120000000001
298,1980,10,26,1368.3220000000001
299,1980,10,27,1368.515
300,1980,10,28,1368.5710000000001
301,1980,10,29,1368.515
302,1980,10,30,1368.5770000000002
303,1980,10,31,1368.219
304,1980,11,1,1368.247
305,1980,11,2,1368.136
306,1980,11,3,1367.7839999999999
307,1980,11,4,1367.443
308,1980,11,5,1367.185
309,1980,11,6,1366.953
310,1980,11,7,1366.838
311,1980,11,8,1366.644
312,1980,11,9,1366.72
313,1980,11,10,1366.836
314,1980,11,11,1366.852
315,1980,11,12,1367.0720000000001
316,1980,11,13,1367.245
317,1980,11,14,
318,1980,11,15,
319,1980,11,16,
320,1980,11,17,
321,1980,11,18,1368.0510000000002
322,1980,11,19,1368.203
323,1980,11,20,1368.213
324,1980,11,21,1368.442
325,1980,11,22,1368.568
326,1980,11,23,
327,1980,11,24,
328,1980,11,25,
329,1980,11,26,
330,1980,11,27,
331,1980,11,28,
332,1980,11,29,
333,1980,11,30,
334,1980,12,1,1368.389
335,1980,12,2,1368.078
336,1980,12,3,1368.3570000000002
337,1980,12,4,1368.777
338,1980,12,5,1368.79
339,1980,12,6,1368.8670000000002
340,1980,12,7,1369.14
341,1980,12,8,1369.2320000000002
342,1980,12,9,1369.2379999999998
343,1980,12,10,1368.6729999999998
344,1980,12,11,1368.596
345,1980,12,12,
346,1980,12,13,
347,1980,12,14,
348,1980,12,15,1367.638
349,1980,12,16,1365.609
350,1980,12,17,1366.5
351,1980,12,18,1366.26
352,1980,12,19,1366.422
353,1980,12,20,
354,1980,12,21,1366.225
355,1980,12,22,1365.267
356,1980,12,23,1366.567
357,1980,12,24,1367.565
358,1980,12,25,1368.1870000000001
359,1980,12,26,
360,1980,12,27,1368.023
361,1980,12,28,1367.658
362,1980,12,29,1367.576
363,1980,12,30,1368.067
364,1980,12,31,1368.1889999999999
365,1981,1,1,1368.489
366,1981,1,2,1368.924
367,1981,1,3,1368.161
368,1981,1,4,1369.102
369,1981,1,5,1368.205
370,1981,1,6,1369.1779999999999
371,1981,1,7,1369.491
372,1981,1,8,
373,1981,1,9,
374,1981,1,10,1369.526
375,1981,1,11,1369.3
376,1981,1,12,
377,1981,1,13,
378,1981,1,14,1368.8629999999998
379,1981,1,15,
380,1981,1,16,1368.125
381,1981,1,17,1369.408
382,1981,1,18,1369.255
383,1981,1,19,1368.905
384,1981,1,20,1368.0539999999999
385,1981,1,21,1368.763
386,1981,1,22,1369.171
387,1981,1,23,1368.898
388,1981,1,24,
389,1981,1,25,1368.3110000000001
390,1981,1,26,1368.875
391,1981,1,27,1368.566
392,1981,1,28,1368.82
393,1981,1,29,1368.862
394,1981,1,30,1368.369
395,1981,1,31,
396,1981,2,1,
397,1981,2,2,1367.668
398,1981,2,3,1367.8270000000002
399,1981,2,4,1368.4679999999998
400,1981,2,5,1368.45
401,1981,2,6,1366.3870000000002
402,1981,2,7,1367.985
403,1981,2,8,1367.839
404,1981,2,9,1368.043
405,1981,2,10,1367.793
406,1981,2,11,1368.162
407,1981,2,12,1367.886
408,1981,2,13,1368.221
409,1981,2,14,1367.703
410,1981,2,15,1367.9589999999998
411,1981,2,16,1367.5870000000002
412,1981,2,17,1367.9579999999999
413,1981,2,18,1367.4070000000002
414,1981,2,19,1368.339
415,1981,2,20,1368.3139999999999
416,1981,2,21,1368.469
417,1981,2,22,1367.6589999999999
418,1981,2,23,1367.519
419,1981,2,24,1368.524
420,1981,2,25,1367.85
421,1981,2,26,1367.245
422,1981,2,27,1367.861
423,1981,2,28,1367.6129999999998
424,1981,3,1,1367.582
425,1981,3,2,1368.214
426,1981,3,3,1368.1070000000002
427,1981,3,4,1367.885
428,1981,3,5,1368.3970000000002
429,1981,3,6,1367.9589999999998
430,1981,3,7,1367.621
431,1981,3,8,1367.7120000000002
432,1981,3,9,1368.027
433,1981,3,10,1368.033
434,1981,3,11,1368.1029999999998
435,1981,3,12,1368.259
436,1981,3,13,1368.4489999999998
437,1981,3,14,1368.235
438,1981,3,15,1367.275
439,1981,3,16,1368.016
440,1981,3,17,1368.237
441,1981,3,18,1368.489
442,1981,3,19,1367.881
443,1981,3,20,1368.024
444,1981,3,21,1367.3010000000002
445,1981,3,22,1367.543
446,1981,3,23,1368.0420000000001
447,1981,3,24,1368.158
448,1981,3,25,1367.703
449,1981,3,26,1368.0739999999998
450,1981,3,27,1367.945
451,1981,3,28,1367.8529999999998
452,1981,3,29,1368.1589999999999
453,1981,3,30,1368.263
454,1981,3,31,1368.7020000000002
455,1981,4,1,1368.503
456,1981,4,2,1368.82
457,1981,4,3,1368.889
458,1981,4,4,1368.862
459,1981,4,5,1368.75
460,1981,4,6,1368.131
461,1981,4,7,1368.078
462,1981,4,8,1367.9260000000002
463,1981,4,9,1367.912
464,1981,4,10,1367.237
465,1981,4,11,1367.5520000000001
466,1981,4,12,1366.721
467,1981,4,13,1366.7679999999998
468,1981,4,14,1367.318
469,1981,4,15,1367.864
470,1981,4,16,1368.1770000000001
471,1981,4,17,1367.315
472,1981,4,18,1367.4389999999999
473,1981,4,19,1368.099
474,1981,4,20,1368.068
475,1981,4,21,1368.1889999999999
476,1981,4,22,1368.144
477,1981,4,23,1367.5720000000001
478,1981,4,24,1367.8829999999998
479,1981,4,25,1368.3670000000002
480,1981,4,26,1368.704
481,1981,4,27,1368.489
482,1981,4,28,1368.3310000000001
483,1981,4,29,1368.344
484,1981,4,30,1368.5729999999999
485,1981,5,1,1368.271
486,1981,5,2,1369.0529999999999
487,1981,5,3,1368.6029999999998
488,1981,5,4,1368.0320000000002
489,1981,5,5,1367.955
490,1981,5,6,1367.4170000000001
491,1981,5,7,1367.9679999999998
492,1981,5,8,1367.908
493,1981,5,9,1368.1629999999998
494,1981,5,10,1368.0610000000001
495,1981,5,11,1367.479
496,1981,5,12,
497,1981,5,13,1367.934
498,1981,5,14,1368.4920000000002
499,1981,5,15,1367.5910000000001
500,1981,5,16,
501,1981,5,17,
502,1981,5,18,1367.91
503,1981,5,19,
504,1981,5,20,1367.0929999999998
505,1981,5,21,
506,1981,5,22,1368.148
507,1981,5,23,1367.932
508,1981,5,24,
509,1981,5,25,1368.8410000000001
510,1981,5,26,1368.2679999999998
511,1981,5,27,1367.9779999999998
512,1981,5,28,1368.019
513,1981,5,29,1368.391
514,1981,5,30,1368.497
515,1981,5,31,1367.735
516,1981,6,1,1368.092
517,1981,6,2,1367.193
518,1981,6,3,1368.056
519,1981,6,4,1368.731
520,1981,6,5,1368.192
521,1981,6,6,
522,1981,6,7,1368.274
523,1981,6,8,1368.144
524,1981,6,9,1368.487
525,1981,6,10,1367.9479999999999
526,1981,6,11,1368.026
527,1981,6,12,1367.871
528,1981,6,13,1368.055
529,1981,6,14,1367.839
530,1981,6,15,1367.602
531,1981,6,16,1367.579
532,1981,6,17,1367.501
533,1981,6,18,1367.854
534,1981,6,19,1368.194
535,1981,6,20,1368.396
536,1981,6,21,1368.017
537,1981,6,22,1368.1
538,1981,6,23,1367.9070000000002
539,1981,6,24,1367.569
540,1981,6,25,1367.545
541,1981,6,26,1367.9520000000002
542,1981,6,27,1367.285
543,1981,6,28,1367.418
544,1981,6,29,1367.504
545,1981,6,30,1367.491
546,1981,7,1,1367.102
547,1981,7,2,1366.765
548,1981,7,3,1367.665
549,1981,7,4,1367.889
550,1981,7,5,1368.4379999999999
551,1981,7,6,1368.3770000000002
552,1981,7,7,1367.97
553,1981,7,8,1367.852
554,1981,7,9,1368.068
555,1981,7,10,1368.184
556,1981,7,11,1367.7579999999998
557,1981,7,12,1368.14
558,1981,7,13,1367.729
559,1981,7,14,1367.747
560,1981,7,15,1367.851
561,1981,7,16,1367.392
562,1981,7,17,1367.743
563,1981,7,18,1366.146
564,1981,7,19,1367.4170000000001
565,1981,7,20,1366.996
566,1981,7,21,1367.106
567,1981,7,22,1366.04
568,1981,7,23,1365.339
569,1981,7,24,1365.1129999999998
570,1981,7,25,1364.933
571,1981,7,26,1365.1760000000002
572,1981,7,27,
573,1981,7,28,
574,1981,7,29,
575,1981,7,30,
576,1981,7,31,
577,1981,8,1,1367.35
578,1981,8,2,1367.55
579,1981,8,3,1367.484
580,1981,8,4,1367.152
581,1981,8,5,1367.201
582,1981,8,6,1367.1129999999998
583,1981,8,7,1366.9370000000001
584,1981,8,8,1366.719
585,1981,8,9,1366.747
586,1981,8,10,1367.1170000000002
587,1981,8,11,1367.0639999999999
588,1981,8,12,1367.905
589,1981,8,13,1368.4289999999999
590,1981,8,14,1368.524
591,1981,8,15,1367.9029999999998
592,1981,8,16,1367.743
593,1981,8,17,1367.4660000000001
594,1981,8,18,1367.6070000000002
595,1981,8,19,1366.911
596,1981,8,20,1367.3339999999998
597,1981,8,21,1367.987
598,1981,8,22,1367.786
599,1981,8,23,1367.4720000000002
600,1981,8,24,1367.484
601,1981,8,25,1367.556
602,1981,8,26,1367.213
603,1981,8,27,1367.335
604,1981,8,28,1367.977
605,1981,8,29,1367.986
606,1981,8,30,1368.277
607,1981,8,31,1368.152
608,1981,9,1,1368.489
609,1981,9,2,1368.385
610,1981,9,3,1368.26
611,1981,9,4,1367.888
612,1981,9,5,1367.7020000000002
613,1981,9,6,1367.017
614,1981,9,7,1367.136
615,1981,9,8,1365.404
616,1981,9,9,1367.49
617,1981,9,10,1367.9279999999999
618,1981,9,11,
619,1981,9,12,1367.433
620,1981,9,13,
621,1981,9,14,1368.05
622,1981,9,15,1368.315
623,1981,9,16,1368.03
624,1981,9,17,1368.184
625,1981,9,18,1367.6170000000002
626,1981,9,19,1367.62
627,1981,9,20,1368.1960000000001
628,1981,9,21,1368.467
629,1981,9,22,1368.0339999999999
630,1981,9,23,1368.017
631,1981,9,24,1368.604
632,1981,9,25,1368.7120000000002
633,1981,9,26,1368.578
634,1981,9,27,1368.9920000000002
635,1981,9,28,1368.231
636,1981,9,29,1367.9520000000002
637,1981,9,30,1368.1770000000001
638,1981,10,1,1368.529
639,1981,10,2,1368.4170000000001
640,1981,10,3,1368.6789999999999
641,1981,10,4,1368.381
642,1981,10,5,1368.443
643,1981,10,6,1366.983
644,1981,10,7,1367.861
645,1981,10,8,1368.263
646,1981,10,9,1368.0510000000002
647,1981,10,10,1368.0720000000001
648,1981,10,11,1367.463
649,1981,10,12,1367.0120000000002
650,1981,10,13,1366.559
651,1981,10,14,1366.105
652,1981,10,15,1366.193
653,1981,10,16,1366.088
654,1981,10,17,1366.0620000000001
655,1981,10,18,1366.382
656,1981,10,19,1366.723
657,1981,10,20,1367.217
658,1981,10,21,1367.8629999999998
659,1981,10,22,1368.5320000000002
660,1981,10,23,1368.58
661,1981,10,24,1368.4679999999998
662,1981,10,25,1368.5510000000002
663,1981,10,26,1368.8329999999999
664,1981,10,27,1368.711
665,1981,10,28,1368.987
666,1981,10,29,1368.719
667,1981,10,30,1368.664
668,1981,10,31,1368.445
669,1981,11,1,1367.731
670,1981,11,2,1367.425
671,1981,11,3,1367.226
672,1981,11,4,1367.0829999999999
673,1981,11,5,1367.671
674,1981,11,6,1368.105
675,1981,11,7,1368.164
676,1981,11,8,1368.385
677,1981,11,9,1368.504
678,1981,11,10,1367.516
679,1981,11,11,1368.06
680,1981,11,12,1367.753
681,1981,11,13,1367.354
682,1981,11,14,1368.0420000000001
683,1981,11,15,1368.2979999999998
684,1981,11,16,1368.5410000000002
685,1981,11,17,1368.7020000000002
686,1981,11,18,1368.04
687,1981,11,19,1368.0520000000001
688,1981,11,20,1368.233
689,1981,11,21,1368.34
690,1981,11,22,1368.1570000000002
691,1981,11,23,1368.733
692,1981,11,24,1369.172
693,1981,11,25,1367.9379999999999
694,1981,11,26,1368.286
695,1981,11,27,1368.499
696,1981,11,28,1368.4879999999998
697,1981,11,29,1367.845
698,1981,11,30,1368.067
699,1981,12,1,1368.529
700,1981,12,2,1368.523
701,1981,12,3,1368.7779999999998
702,1981,12,4,
703,1981,12,5,
704,1981,12,6,1368.471
705,1981,12,7,1367.3970000000002
706,1981,12,8,1367.168
707,1981,12,9,1366.42
708,1981,12,10,1366.771
709,1981,12,11,1367.485
710,1981,12,12,1367.7679999999998
711,1981,12,13,1368.161
712,1981,12,14,1368.402
713,1981,12,15,1368.315
714,1981,12,16,1368.281
715,1981,12,17,1367.925
716,1981,12,18,1368.346
717,1981,12,19,1368.267
718,1981,12,20,1368.146
719,1981,12,21,1368.138
720,1981,12,22,1368.524
721,1981,12,23,1368.151
722,1981,12,24,1367.881
723,1981,12,25,1368.0379999999998
724,1981,12,26,1367.97
725,1981,12,27,1368.03
726,1981,12,28,1368.3339999999998
727,1981,12,29,
728,1981,12,30,
729,1981,12,31,
730,1982,1,1,1368.741
731,1982,1,2,1368.455
732,1982,1,3,1368.4460000000001
733,1982,1,4,1368.714
734,1982,1,5,1368.4470000000001
735,1982,1,6,1368.631
736,1982,1,7,1368.635
737,1982,1,8,1368.201
738,1982,1,9,1368.586
739,1982,1,10,1368.069
740,1982,1,11,1368.537
741,1982,1,12,1368.6270000000002
742,1982,1,13,1367.9820000000002
743,1982,1,14,1368.283
744,1982,1,15,1367.786
745,1982,1,16,1367.8329999999999
746,1982,1,17,1368.075
747,1982,1,18,1368.105
748,1982,1,19,1368.451
749,1982,1,20,1368.7020000000002
750,1982,1,21,1368.6760000000002
751,1982,1,22,1368.601
752,1982,1,23,1368.876
753,1982,1,24,1368.499
754,1982,1,25,1368.779
755,1982,1,26,1368.727
756,1982,1,27,1368.781
757,1982,1,28,1368.275
758,1982,1,29,1366.9160000000002
759,1982,1,30,1366.6589999999999
760,1982,1,31,1365.715
761,1982,2,1,1366.724
762,1982,2,2,1366.918
763,1982,2,3,1367.5120000000002
764,1982,2,4,1367.505
765,1982,2,5,1367.932
766,1982,2,6,1367.473
767,1982,2,7,1366.925
768,1982,2,8,1366.109
769,1982,2,9,1366.34
770,1982,2,10,1365.54
771,1982,2,11,1365.872
772,1982,2,12,1366.535
773,1982,2,13,1366.808
774,1982,2,14,1367.104
775,1982,2,15,1367.349
776,1982,2,16,1367.1870000000001
777,1982,2,17,1366.567
778,1982,2,18,1367.266
779,1982,2,19,1366.849
780,1982,2,20,1367.4920000000002
781,1982,2,21,1367.661
782,1982,2,22,1367.881
783,1982,2,23,1368.2160000000001
784,1982,2,24,1368.275
785,1982,2,25,1368.344
786,1982,2,26,1368.4589999999998
787,1982,2,27,1368.161
788,1982,2,28,1367.639
789,1982,3,1,1367.0870000000002
790,1982,3,2,1366.7420000000002
791,1982,3,3,1367.6760000000002
792,1982,3,4,1367.705
793,1982,3,5,1367.579
794,1982,3,6,1368.08
795,1982,3,7,1368.225
796,1982,3,8,1368.3470000000002
797,1982,3,9,1368.221
798,1982,3,10,1368.244
799,1982,3,11,1368.031
800,1982,3,12,1367.932
801,1982,3,13,1367.8870000000002
802,1982,3,14,1367.707
803,1982,3,15,1365.411
804,1982,3,16,1364.479
805,1982,3,17,1364.9820000000002
806,1982,3,18,1364.846
807,1982,3,19,1365.9379999999999
808,1982,3,20,1366.704
809,1982,3,21,1367.109
810,1982,3,22,1367.453
811,1982,3,23,1367.306
812,1982,3,24,1366.819
813,1982,3,25,1366.977
814,1982,3,26,1366.8629999999998
815,1982,3,27,1366.7920000000001
816,1982,3,28,1366.757
817,1982,3,29,1367.412
818,1982,3,30,1367.578
819,1982,3,31,1367.5539999999999
820,1982,4,1,1368.3
821,1982,4,2,1368.382
822,1982,4,3,1368.586
823,1982,4,4,1368.2720000000002
824,1982,4,5,1368.057
825,1982,4,6,1368.0410000000002
826,1982,4,7,1368.245
827,1982,4,8,1368.504
828,1982,4,9,1368.043
829,1982,4,10,1367.8370000000002
830,1982,4,11,1367.487
831,1982,4,12,1367.479
832,1982,4,13,1367.401
833,1982,4,14,1367.2920000000001
834,1982,4,15,1367.878
835,1982,4,16,1367.8239999999998
836,1982,4,17,1367.761
837,1982,4,18,1368.03
838,1982,4,19,1367.5710000000001
839,1982,4,20,1367.493
840,1982,4,21,1367.7120000000002
841,1982,4,22,1367.979
842,1982,4,23,1367.264
843,1982,4,24,1367.244
844,1982,4,25,1367.162
845,1982,4,26,1367.51
846,1982,4,27,1367.9170000000001
847,1982,4,28,1368.704
848,1982,4,29,1368.567
849,1982,4,30,1368.156
850,1982,5,1,1367.915
851,1982,5,2,1367.984
852,1982,5,3,1367.793
853,1982,5,4,1367.825
854,1982,5,5,1367.55
855,1982,5,6,1367.567
856,1982,5,7,1367.39
857,1982,5,8,1367.52
858,1982,5,9,1367.906
859,1982,5,10,1367.335
860,1982,5,11,1368.059
861,1982,5,12,1368.1870000000001
862,1982,5,13,1368.013
863,1982,5,14,1367.664
864,1982,5,15,1367.585
865,1982,5,16,1367.565
866,1982,5,17,1367.4920000000002
867,1982,5,18,1367.4479999999999
868,1982,5,19,1367.717
869,1982,5,20,1367.8239999999998
870,1982,5,21,1367.7279999999998
871,1982,5,22,1367.636
872,1982,5,23,1368.2089999999998
873,1982,5,24,1368.102
874,1982,5,25,1368.43
875,1982,5,26,1367.9479999999999
876,1982,5,27,1367.979
877,1982,5,28,1368.015
878,1982,5,29,1367.628
879,1982,5,30,1367.955
880,1982,5,31,1367.756
881,1982,6,1,1368.404
882,1982,6,2,1368.009
883,1982,6,3,1367.615
884,1982,6,4,1368.0079999999998
885,1982,6,5,1367.638
886,1982,6,6,1366.7320000000002
887,1982,6,7,1366.628
888,1982,6,8,1366.11
889,1982,6,9,1366.6270000000002
890,1982,6,10,1366.71
891,1982,6,11,1367.0320000000002
892,1982,6,12,1367.184
893,1982,6,13,1366.756
894,1982,6,14,1366.469
895,1982,6,15,1366.2320000000002
896,1982,6,16,1366.275
897,1982,6,17,1365.5510000000002
898,1982,6,18,1365.483
899,1982,6,19,1366.277
900,1982,6,20,1365.9360000000001
901,1982,6,21,1366.56
902,1982,6,22,1366.771
903,1982,6,23,1367.3110000000001
904,1982,6,24,1367.399
905,1982,6,25,1367.674
906,1982,6,26,1368.1779999999999
907,1982,6,27,1369.076
908,1982,6,28,1367.665
909,1982,6,29,1367.307
910,1982,6,30,1367.9260000000002
911,1982,7,1,1367.786
912,1982,7,2,1368.223
913,1982,7,3,1368.835
914,1982,7,4,1368.257
915,1982,7,5,1367.858
916,1982,7,6,1368.241
917,1982,7,7,1368.3110000000001
918,1982,7,8,1367.2279999999998
919,1982,7,9,1367.9160000000002
920,1982,7,10,1367.642
921,1982,7,11,1367.2160000000001
922,1982,7,12,1366.826
923,1982,7,13,1366.621
924,1982,7,14,1366.1
925,1982,7,15,1366.433
926,1982,7,16,1366.0529999999999
927,1982,7,17,1366.418
928,1982,7,18,1367.305
929,1982,7,19,1368.355
930,1982,7,20,1368.82
931,1982,7,21,1368.402
932,1982,7,22,1368.606
933,1982,7,23,1368.354
934,1982,7,24,1367.8729999999998
935,1982,7,25,1367.785
936,1982,7,26,1367.8020000000001
937,1982,7,27,1367.8870000000002
938,1982,7,28,1367.4720000000002
939,1982,7,29,1367.6070000000002
940,1982,7,30,1367.604
941,1982,7,31,1367.9720000000002
942,1982,8,1,1368.375
943,1982,8,2,1367.971
944,1982,8,3,1367.7839999999999
945,1982,8,4,1367.5629999999999
946,1982,8,5,1367.27
947,1982,8,6,1367.475
948,1982,8,7,1367.275
949,1982,8,8,1367.1070000000002
950,1982,8,9,1367.479
951,1982,8,10,1367.477
952,1982,8,11,1367.868
953,1982,8,12,1368.138
954,1982,8,13,1368.1660000000002
955,1982,8,14,1368.132
956,1982,8,15,1367.641
957,1982,8,16,1367.4589999999998
958,1982,8,17,1368.1629999999998
959,1982,8,18,1367.193
960,1982,8,19,1367.479
961,1982,8,20,1366.92
962,1982,8,21,1367.47
963,1982,8,22,1366.953
964,1982,8,23,1367.1329999999998
965,1982,8,24,1367.0339999999999
966,1982,8,25,1366.882
967,1982,8,26,1366.6689999999999
968,1982,8,27,1366.98
969,1982,8,28,1367.3020000000001
970,1982,8,29,1367.395
971,1982,8,30,1367.842
972,1982,8,31,1367.9720000000002
973,1982,9,1,1368.286
974,1982,9,2,1368.076
975,1982,9,3,1367.832
976,1982,9,4,1367.9979999999998
977,1982,9,5,1367.973
978,1982,9,6,1368.549
979,1982,9,7,1368.4379999999999
980,1982,9,8,1368.375
981,1982,9,9,1368.405
982,1982,9,10,
983,1982,9,11,1368.355
984,1982,9,12,1368.0610000000001
985,1982,9,13,1368.1370000000002
986,1982,9,14,1367.779
987,1982,9,15,
988,1982,9,16,1367.404
989,1982,9,17,1367.8120000000001
990,1982,9,18,1367.082
991,1982,9,19,1367.7220000000002
992,1982,9,20,1366.974
993,1982,9,21,1367.96
994,1982,9,22,1367.9389999999999
995,1982,9,23,1368.422
996,1982,9,24,1367.6
997,1982,9,25,1367.864
998,1982,9,26,1368.3529999999998
999,1982,9,27,1367.7160000000001
1000,1982,9,28,1367.255
1001,1982,9,29,1367.332
1002,1982,9,30,1367.4979999999998
1003,1982,10,1,1367.401
1004,1982,10,2,1367.743
1005,1982,10,3,1368.276
1006,1982,10,4,1368.8010000000002
1007,1982,10,5,1368.8829999999998
1008,1982,10,6,1368.5520000000001
1009,1982,10,7,1368.4229999999998
1010,1982,10,8,1368.1770000000001
1011,1982,10,9,1368.029
1012,1982,10,10,1368.181
1013,1982,10,11,1368.1770000000001
1014,1982,10,12,1368.1170000000002
1015,1982,10,13,1367.668
1016,1982,10,14,1367.7020000000002
1017,1982,10,15,1367.695
1018,1982,10,16,1367.5539999999999
1019,1982,10,17,1367.779
1020,1982,10,18,1367.6860000000001
1021,1982,10,19,1367.63
1022,1982,10,20,1368.088
1023,1982,10,21,1368.016
1024,1982,10,22,1368.007
1025,1982,10,23,1368.517
1026,1982,10,24,1367.891
1027,1982,10,25,1367.9489999999998
1028,1982,10,26,1367.987
1029,1982,10,27,1367.88
1030,1982,10,28,1368.685
1031,1982,10,29,1368.602
1032,1982,10,30,1368.515
1033,1982,10,31,1368.01
1034,1982,11,1,1368.7839999999999
1035,1982,11,2,1369.317
1036,1982,11,3,1368.406
1037,1982,11,4,1368.8129999999999
1038,1982,11,5,1368.4360000000001
1039,1982,11,6,1367.737
1040,1982,11,7,1368.362
1041,1982,11,8,1368.501
1042,1982,11,9,1368.205
1043,1982,11,10,1368.3470000000002
1044,1982,11,11,1367.7120000000002
1045,1982,11,12,1367.31
1046,1982,11,13,1366.953
1047,1982,11,14,
1048,1982,11,15,
1049,1982,11,16,1367.703
1050,1982,11,17,1367.4679999999998
1051,1982,11,18,1368.0420000000001
1052,1982,11,19,1367.4379999999999
1053,1982,11,20,1367.6879999999999
1054,1982,11,21,1368.4579999999999
1055,1982,11,22,1367.0179999999998
1056,1982,11,23,1367.045
1057,1982,11,24,1367.3139999999999
1058,1982,11,25,1368.045
1059,1982,11,26,1368.1270000000002
1060,1982,11,27,1368.3110000000001
1061,1982,11,28,1367.981
1062,1982,11,29,1367.595
1063,1982,11,30,1367.092
1064,1982,12,1,1367.789
1065,1982,12,2,1367.3470000000002
1066,1982,12,3,1367.3229999999999
1067,1982,12,4,1367.2779999999998
1068,1982,12,5,1367.146
1069,1982,12,6,1367.58
1070,1982,12,7,
1071,1982,12,8,1368.193
1072,1982,12,9,1367.8120000000001
1073,1982,12,10,1367.9070000000002
1074,1982,12,11,1367.605
1075,1982,12,12,1367.503
1076,1982,12,13,1367.029
1077,1982,12,14,1366.7379999999998
1078,1982,12,15,1367.296
1079,1982,12,16,1367.399
1080,1982,12,17,1368.507
1081,1982,12,18,1368.901
1082,1982,12,19,1368.4260000000002
1083,1982,12,20,1368.524
1084,1982,12,21,1368.2179999999998
1085,1982,12,22,1368.015
1086,1982,12,23,1367.895
1087,1982,12,24,
1088,1982,12,25,1368.0870000000002
1089,1982,12,26,
1090,1982,12,27,
1091,1982,12,28,1367.4460000000001
1092,1982,12,29,1367.9289999999999
1093,1982,12,30,
1094,1982,12,31,1367.817
1095,1983,1,1,
1096,1983,1,2,1368.7779999999998
1097,1983,1,3,1367.769
1098,1983,1,4,1367.682
1099,1983,1,5,1367.379
1100,1983,1,6,1368.5529999999999
1101,1983,1,7,1368.2060000000001
1102,1983,1,8,1367.129
1103,1983,1,9,1367.865
1104,1983,1,10,1368.5179999999998
1105,1983,1,11,1367.506
1106,1983,1,12,1367.836
1107,1983,1,13,1368.595
1108,1983,1,14,1368.171
1109,1983,1,15,1367.4520000000002
1110,1983,1,16,1367.2979999999998
1111,1983,1,17,1367.652
1112,1983,1,18,1366.9979999999998
1113,1983,1,19,1367.244
1114,1983,1,20,1367.236
1115,1983,1,21,1367.204
1116,1983,1,22,1367.842
1117,1983,1,23,1367.385
1118,1983,1,24,1368.164
1119,1983,1,25,1368.338
1120,1983,1,26,1368.1370000000002
1121,1983,1,27,1367.809
1122,1983,1,28,1367.751
1123,1983,1,29,1367.885
1124,1983,1,30,1367.714
1125,1983,1,31,1367.872
1126,1983,2,1,1367.9460000000001
1127,1983,2,2,1368.0610000000001
1128,1983,2,3,1368.013
1129,1983,2,4,1368.234
1130,1983,2,5,1367.45
1131,1983,2,6,1367.457
1132,1983,2,7,1366.871
1133,1983,2,8,1367.4589999999998
1134,1983,2,9,1368.156
1135,1983,2,10,1368.38
1136,1983,2,11,1368.495
1137,1983,2,12,1368.3310000000001
1138,1983,2,13,1368.76
1139,1983,2,14,1368.036
1140,1983,2,15,1368.191
1141,1983,2,16,1367.9129999999998
1142,1983,2,17,1367.351
1143,1983,2,18,1366.964
1144,1983,2,19,1366.2779999999998
1145,1983,2,20,1367.985
1146,1983,2,21,1366.351
1147,1983,2,22,1368.285
1148,1983,2,23,1368.116
1149,1983,2,24,1367.973
1150,1983,2,25,1367.859
1151,1983,2,26,1367.1760000000002
1152,1983,2,27,1367.356
1153,1983,2,28,1367.517
1154,1983,3,1,1368.0020000000002
1155,1983,3,2,1367.309
1156,1983,3,3,1367.902
1157,1983,3,4,1366.621
1158,1983,3,5,1367.03
1159,1983,3,6,1367.119
1160,1983,3,7,1367.5510000000002
1161,1983,3,8,1366.026
1162,1983,3,9,1367.683
1163,1983,3,10,1367.9470000000001
1164,1983,3,11,1367.85
1165,1983,3,12,1367.727
1166,1983,3,13,1367.604
1167,1983,3,14,1367.213
1168,1983,3,15,1366.495
1169,1983,3,16,
1170,1983,3,17,1367.973
1171,1983,3,18,1367.56
1172,1983,3,19,1367.629
1173,1983,3,20,1367.628
1174,1983,3,21,1367.3470000000002
1175,1983,3,22,1367.319
1176,1983,3,23,1368.3929999999998
1177,1983,3,24,1368.106
1178,1983,3,25,1368.567
1179,1983,3,26,1368.2420000000002
1180,1983,3,27,1367.164
1181,1983,3,28,1368.001
1182,1983,3,29,1367.5320000000002
1183,1983,3,30,1366.7479999999998
1184,1983,3,31,1367.588
1185,1983,4,1,1367.5639999999999
1186,1983,4,2,1366.925
1187,1983,4,3,1366.485
1188,1983,4,4,1367.432
1189,1983,4,5,1367.902
1190,1983,4,6,1368.1589999999999
1191,1983,4,7,1366.986
1192,1983,4,8,1367.0410000000002
1193,1983,4,9,1367.293
1194,1983,4,10,1367.619
1195,1983,4,11,1367.297
1196,1983,4,12,1367.61
1197,1983,4,13,1367.09
1198,1983,4,14,1368.1670000000001
1199,1983,4,15,1367.7720000000002
1200,1983,4,16,1367.5120000000002
1201,1983,4,17,1366.9360000000001
1202,1983,4,18,1367.326
1203,1983,4,19,1367.726
1204,1983,4,20,1367.681
1205,1983,4,21,1367.906
1206,1983,4,22,1367.443
1207,1983,4,23,1367.981
1208,1983,4,24,1367.733
1209,1983,4,25,1367.149
1210,1983,4,26,1367.505
1211,1983,4,27,1367.601
1212,1983,4,28,1367.52
1213,1983,4,29,1367.513
1214,1983,4,30,
1215,1983,5,1,1367.171
1216,1983,5,2,1367.9820000000002
1217,1983,5,3,1367.7379999999998
1218,1983,5,4,1367.987
1219,1983,5,5,1368.0639999999999
1220,1983,5,6,1367.609
1221,1983,5,7,1367.594
1222,1983,5,8,1367.8570000000002
1223,1983,5,9,1367.104
1224,1983,5,10,1367.066
1225,1983,5,11,1366.8120000000001
1226,1983,5,12,1366.195
1227,1983,5,13,1366.72
1228,1983,5,14,1366.832
1229,1983,5,15,1367.09
1230,1983,5,16,1367.0339999999999
1231,1983,5,17,1367.649
1232,1983,5,18,
1233,1983,5,19,1367.2479999999998
1234,1983,5,20,1367.911
1235,1983,5,21,1366.761
1236,1983,5,22,1366.609
1237,1983,5,23,1367.016
1238,1983,5,24,1367.56
1239,1983,5,25,1367.441
1240,1983,5,26,1367.844
1241,1983,5,27,1367.7179999999998
1242,1983,5,28,1368.14
1243,1983,5,29,1368.414
1244,1983,5,30,1368.443
1245,1983,5,31,1368.3410000000001
1246,1983,6,1,1367.612
1247,1983,6,2,1367.629
1248,1983,6,3,1367.0720000000001
1249,1983,6,4,1366.908
1250,1983,6,5,1366.5
1251,1983,6,6,1366.3410000000001
1252,1983,6,7,1366.5839999999998
1253,1983,6,8,1366.4029999999998
1254,1983,6,9,1366.639
1255,1983,6,10,1367.1779999999999
1256,1983,6,11,1366.9920000000002
1257,1983,6,12,
1258,1983,6,13,1366.9129999999998
1259,1983,6,14,1368.089
1260,1983,6,15,1367.808
1261,1983,6,16,1367.901
1262,1983,6,17,1368.029
1263,1983,6,18,1367.516
1264,1983,6,19,1367.507
1265,1983,6,20,1368.18
1266,1983,6,21,1367.888
1267,1983,6,22,
1268,1983,6,23,1367.746
1269,1983,6,24,
1270,1983,6,25,1367.749
1271,1983,6,26,1367.9520000000002
1272,1983,6,27,1368.1770000000001
1273,1983,6,28,1367.61
1274,1983,6,29,1367.49
1275,1983,6,30,1367.408
1276,1983,7,1,1367.066
1277,1983,7,2,1367.444
1278,1983,7,3,1367.1470000000002
1279,1983,7,4,1367.809
1280,1983,7,5,1367.7910000000002
1281,1983,7,6,1367.785
1282,1983,7,7,1367.8129999999999
1283,1983,7,8,1367.503
1284,1983,7,9,1366.9489999999998
1285,1983,7,10,1367.849
1286,1983,7,11,1367.433
1287,1983,7,12,1367.4620000000002
1288,1983,7,13,1367.62
1289,1983,7,14,1367.5220000000002
1290,1983,7,15,1367.489
1291,1983,7,16,1367.638
1292,1983,7,17,1366.6670000000001
1293,1983,7,18,1368.1370000000002
1294,1983,7,19,1368.104
1295,1983,7,20,1368.219
1296,1983,7,21,1367.864
1297,1983,7,22,1367.5970000000002
1298,1983,7,23,1367.7160000000001
1299,1983,7,24,1367.855
1300,1983,7,25,1367.565
1301,1983,7,26,1367.674
1302,1983,7,27,1368.065
1303,1983,7,28,1367.609
1304,1983,7,29,1367.658
1305,1983,7,30,1367.608
1306,1983,7,31,1367.2479999999998
1307,1983,8,1,1367.27
1308,1983,8,2,1367.1229999999998
1309,1983,8,3,1366.648
1310,1983,8,4,1367.182
1311,1983,8,5,1367.7089999999998
1312,1983,8,6,1367.743
1313,1983,8,7,1367.793
1314,1983,8,8,1368.1770000000001
1315,1983,8,9,1367.964
1316,1983,8,10,1367.031
1317,1983,8,11,1367.777
1318,1983,8,12,1367.4379999999999
1319,1983,8,13,1367.539
1320,1983,8,14,1367.769
1321,1983,8,15,1367.973
1322,1983,8,16,1367.1529999999998
1323,1983,8,17,1368.295
1324,1983,8,18,1368.156
1325,1983,8,19,1368.0439999999999
1326,1983,8,20,
1327,1983,8,21,1367.6229999999998
1328,1983,8,22,1367.816
1329,1983,8,23,1367.4189999999999
1330,1983,8,24,1368.227
1331,1983,8,25,1367.848
1332,1983,8,26,1367.381
1333,1983,8,27,1367.845
1334,1983,8,28,1367.682
1335,1983,8,29,1367.578
1336,1983,8,30,1367.6860000000001
1337,1983,8,31,1367.5510000000002
1338,1983,9,1,1367.895
1339,1983,9,2,1367.64
1340,1983,9,3,1367.86
1341,1983,9,4,1367.68
1342,1983,9,5,1367.763
1343,1983,9,6,1367.174
1344,1983,9,7,
1345,1983,9,8,1367.7839999999999
1346,1983,9,9,1367.745
1347,1983,9,10,1367.8239999999998
1348,1983,9,11,1368.213
1349,1983,9,12,1368.1660000000002
1350,1983,9,13,1367.614
1351,1983,9,14,1367.7679999999998
1352,1983,9,15,1367.724
1353,1983,9,16,1367.443
1354,1983,9,17,1367.704
1355,1983,9,18,1367.618
1356,1983,9,19,1366.81
1357,1983,9,20,1367.828
1358,1983,9,21,1367.9920000000002
1359,1983,9,22,1368.0639999999999
1360,1983,9,23,
1361,1983,9,24,
1362,1983,9,25,
1363,1983,9,26,
1364,1983,9,27,
1365,1983,9,28,
1366,1983,9,29,
1367,1983,9,30,
1368,1983,10,1,
1369,1983,10,2,
1370,1983,10,3,1367.592
1371,1983,10,4,1367.874
1372,1983,10,5,1367.765
1373,1983,10,6,1367.2220000000002
1374,1983,10,7,1367.3570000000002
1375,1983,10,8,1366.662
1376,1983,10,9,1367.661
1377,1983,10,10,1367.648
1378,1983,10,11,1367.725
1379,1983,10,12,1367.901
1380,1983,10,13,1367.886
1381,1983,10,14,1368.079
1382,1983,10,15,
1383,1983,10,16,
1384,1983,10,17,1367.896
1385,1983,10,18,1367.3239999999998
1386,1983,10,19,1366.98
1387,1983,10,20,1367.556
1388,1983,10,21,1367.243
1389,1983,10,22,1367.8410000000001
1390,1983,10,23,1367.592
1391,1983,10,24,1367.027
1392,1983,10,25,1367.257
1393,1983,10,26,1367.0079999999998
1394,1983,10,27,1367.6689999999999
1395,1983,10,28,1367.389
1396,1983,10,29,1367.079
1397,1983,10,30,1367.527
1398,1983,10,31,1367.854
1399,1983,11,1,
1400,1983,11,2,1366.996
1401,1983,11,3,1368.0320000000002
1402,1983,11,4,
1403,1983,11,5,
1404,1983,11,6,
1405,1983,11,7,
1406,1983,11,8,
1407,1983,11,9,
1408,1983,11,10,
1409,1983,11,11,
1410,1983,11,12,
1411,1983,11,13,
1412,1983,11,14,
1413,1983,11,15,
1414,1983,11,16,
1415,1983,11,17,
1416,1983,11,18,
1417,1983,11,19,
1418,1983,11,20,
1419,1983,11,21,
1420,1983,11,22,
1421,1983,11,23,
1422,1983,11,24,
1423,1983,11,25,
1424,1983,11,26,
1425,1983,11,27,
1426,1983,11,28,
1427,1983,11,29,
1428,1983,11,30,
1429,1983,12,1,
1430,1983,12,2,
1431,1983,12,3,
1432,1983,12,4,1367.711
1433,1983,12,5,
1434,1983,12,6,
1435,1983,12,7,
1436,1983,12,8,
1437,1983,12,9,
1438,1983,12,10,
1439,1983,12,11,
1440,1983,12,12,
1441,1983,12,13,
1442,1983,12,14,
1443,1983,12,15,
1444,1983,12,16,
1445,1983,12,17,
1446,1983,12,18,
1447,1983,12,19,
1448,1983,12,20,1367.859
1449,1983,12,21,1368.404
1450,1983,12,22,
1451,1983,12,23,
1452,1983,12,24,
1453,1983,12,25,1367.9660000000001
1454,1983,12,26,
1455,1983,12,27,
1456,1983,12,28,
1457,1983,12,29,
1458,1983,12,30,
1459,1983,12,31,
1460,1984,1,1,
1461,1984,1,2,
1462,1984,1,3,
1463,1984,1,4,
1464,1984,1,5,
1465,1984,1,6,
1466,1984,1,7,
1467,1984,1,8,
1468,1984,1,9,
1469,1984,1,10,
1470,1984,1,11,
1471,1984,1,12,
1472,1984,1,13,
1473,1984,1,14,1366.746
1474,1984,1,15,
1475,1984,1,16,1366.851
1476,1984,1,17,
1477,1984,1,18,
1478,1984,1,19,
1479,1984,1,20,
1480,1984,1,21,
1481,1984,1,22,
1482,1984,1,23,
1483,1984,1,24,1365.774
1484,1984,1,25,1365.846
1485,1984,1,26,
1486,1984,1,27,
1487,1984,1,28,
1488,1984,1,29,
1489,1984,1,30,
1490,1984,1,31,
1491,1984,2,1,
1492,1984,2,2,
1493,1984,2,3,
1494,1984,2,4,
1495,1984,2,5,
1496,1984,2,6,
1497,1984,2,7,
1498,1984,2,8,
1499,1984,2,9,
1500,1984,2,10,
1501,1984,2,11,
1502,1984,2,12,
1503,1984,2,13,
1504,1984,2,14,
1505,1984,2,15,
1506,1984,2,16,
1507,1984,2,17,
1508,1984,2,18,1367.485
1509,1984,2,19,
1510,1984,2,20,1367.211
1511,1984,2,21,1366.4979999999998
1512,1984,2,22,1366.6760000000002
1513,1984,2,23,
1514,1984,2,24,
1515,1984,2,25,
1516,1984,2,26,
1517,1984,2,27,
1518,1984,2,28,
1519,1984,2,29,
1520,1984,3,1,
1521,1984,3,2,
1522,1984,3,3,
1523,1984,3,4,
1524,1984,3,5,
1525,1984,3,6,
1526,1984,3,7,
1527,1984,3,8,
1528,1984,3,9,
1529,1984,3,10,
1530,1984,3,11,
1531,1984,3,12,
1532,1984,3,13,
1533,1984,3,14,
1534,1984,3,15,
1535,1984,3,16,
1536,1984,3,17,
1537,1984,3,18,
1538,1984,3,19,
1539,1984,3,20,
1540,1984,3,21,
1541,1984,3,22,
1542,1984,3,23,
1543,1984,3,24,
1544,1984,3,25,
1545,1984,3,26,
1546,1984,3,27,
1547,1984,3,28,
1548,1984,3,29,
1549,1984,3,30,
1550,1984,3,31,
1551,1984,4,1,
1552,1984,4,2,
1553,1984,4,3,
1554,1984,4,4,
1555,1984,4,5,
1556,1984,4,6,
1557,1984,4,7,
1558,1984,4,8,
1559,1984,4,9,
1560,1984,4,10,
1561,1984,4,11,
1562,1984,4,12,
1563,1984,4,13,
1564,1984,4,14,
1565,1984,4,15,
1566,1984,4,16,
1567,1984,4,17,
1568,1984,4,18,
1569,1984,4,19,
1570,1984,4,20,
1571,1984,4,21,
1572,1984,4,22,
1573,1984,4,23,
1574,1984,4,24,
1575,1984,4,25,
1576,1984,4,26,1364.9029999999998
1577,1984,4,27,
1578,1984,4,28,
1579,1984,4,29,
1580,1984,4,30,
1581,1984,5,1,1366.245
1582,1984,5,2,
1583,1984,5,3,1367.257
1584,1984,5,4,1367.505
1585,1984,5,5,1367.5379999999998
1586,1984,5,6,1367.519
1587,1984,5,7,1367.317
1588,1984,5,8,1366.98
1589,1984,5,9,1366.559
1590,1984,5,10,1366.1860000000001
1591,1984,5,11,1366.0
1592,1984,5,12,1366.086
1593,1984,5,13,
1594,1984,5,14,1366.6529999999998
1595,1984,5,15,
1596,1984,5,16,1367.5220000000002
1597,1984,5,17,1367.6470000000002
1598,1984,5,18,1367.7920000000001
1599,1984,5,19,1367.757
1600,1984,5,20,1367.7179999999998
1601,1984,5,21,1367.5910000000001
1602,1984,5,22,1367.432
1603,1984,5,23,1367.254
1604,1984,5,24,1367.1370000000002
1605,1984,5,25,1367.1729999999998
1606,1984,5,26,1367.366
1607,1984,5,27,1367.618
1608,1984,5,28,1367.7620000000002
1609,1984,5,29,1367.6629999999998
1610,1984,5,30,1367.524
1611,1984,5,31,1367.235
1612,1984,6,1,1367.2120000000002
1613,1984,6,2,1367.463
1614,1984,6,3,1367.5629999999999
1615,1984,6,4,1367.704
1616,1984,6,5,1367.754
1617,1984,6,6,1367.755
1618,1984,6,7,1367.6689999999999
1619,1984,6,8,1367.665
1620,1984,6,9,1367.68
1621,1984,6,10,1367.786
1622,1984,6,11,1367.8220000000001
1623,1984,6,12,1367.836
1624,1984,6,13,1367.726
1625,1984,6,14,1367.618
1626,1984,6,15,1367.4589999999998
1627,1984,6,16,1367.485
1628,1984,6,17,1367.527
1629,1984,6,18,1367.46
1630,1984,6,19,1367.276
1631,1984,6,20,1367.245
1632,1984,6,21,1367.3470000000002
1633,1984,6,22,1367.351
1634,1984,6,23,1367.3010000000002
1635,1984,6,24,1367.297
1636,1984,6,25,
1637,1984,6,26,
1638,1984,6,27,1367.194
1639,1984,6,28,1367.263
1640,1984,6,29,1367.3729999999998
1641,1984,6,30,1367.4379999999999
1642,1984,7,1,1367.47
1643,1984,7,2,1367.588
1644,1984,7,3,1367.525
1645,1984,7,4,1367.624
1646,1984,7,5,1367.672
1647,1984,7,6,1367.671
1648,1984,7,7,1367.646
1649,1984,7,8,1367.626
1650,1984,7,9,1367.5929999999998
1651,1984,7,10,1367.505
1652,1984,7,11,1367.473
1653,1984,7,12,1367.543
1654,1984,7,13,1367.6370000000002
1655,1984,7,14,1367.62
1656,1984,7,15,1367.606
1657,1984,7,16,1367.549
1658,1984,7,17,1367.5120000000002
1659,1984,7,18,1367.467
1660,1984,7,19,1367.4560000000001
1661,1984,7,20,1367.4479999999999
1662,1984,7,21,1367.386
1663,1984,7,22,1367.366
1664,1984,7,23,1367.351
1665,1984,7,24,1367.35
1666,1984,7,25,1367.376
1667,1984,7,26,1367.376
1668,1984,7,27,1367.364
1669,1984,7,28,1367.38
1670,1984,7,29,1367.418
1671,1984,7,30,1367.496
1672,1984,7,31,1367.5479999999998
1673,1984,8,1,1367.568
1674,1984,8,2,1367.609
1675,1984,8,3,1367.576
1676,1984,8,4,1367.606
1677,1984,8,5,1367.626
1678,1984,8,6,1367.66
1679,1984,8,7,1367.56
1680,1984,8,8,1367.47
1681,1984,8,9,1367.389
1682,1984,8,10,1367.375
1683,1984,8,11,1367.4560000000001
1684,1984,8,12,1367.524
1685,1984,8,13,1367.58
1686,1984,8,14,1367.547
1687,1984,8,15,1367.4479999999999
1688,1984,8,16,1367.35
1689,1984,8,17,1367.296
1690,1984,8,18,1367.243
1691,1984,8,19,1367.1889999999999
1692,1984,8,20,1367.174
1693,1984,8,21,1367.2
1694,1984,8,22,1367.213
1695,1984,8,23,1367.1870000000001
1696,1984,8,24,1367.203
1697,1984,8,25,1367.156
1698,1984,8,26,1367.214
1699,1984,8,27,1367.265
1700,1984,8,28,1367.223
1701,1984,8,29,1367.162
1702,1984,8,30,
1703,1984,8,31,
1704,1984,9,1,
1705,1984,9,2,
1706,1984,9,3,
1707,1984,9,4,
1708,1984,9,5,
1709,1984,9,6,1367.575
1710,1984,9,7,1367.557
1711,1984,9,8,1367.5510000000002
1712,1984,9,9,1367.5179999999998
1713,1984,9,10,1367.6
1714,1984,9,11,1367.5970000000002
1715,1984,9,12,1367.35
1716,1984,9,13,1367.265
1717,1984,9,14,1367.184
1718,1984,9,15,1367.1860000000001
1719,1984,9,16,1367.192
1720,1984,9,17,1367.223
1721,1984,9,18,1367.241
1722,1984,9,19,1367.29
1723,1984,9,20,1367.237
1724,1984,9,21,1367.27
1725,1984,9,22,1367.2479999999998
1726,1984,9,23,1367.316
1727,1984,9,24,1367.336
1728,1984,9,25,1367.318
1729,1984,9,26,1367.352
1730,1984,9,27,1367.335
1731,1984,9,28,1367.3370000000002
1732,1984,9,29,1367.381
1733,1984,9,30,1367.379
1734,1984,10,1,1367.382
1735,1984,10,2,1367.405
1736,1984,10,3,1367.369
1737,1984,10,4,1367.401
1738,1984,10,5,1367.3729999999998
1739,1984,10,6,1367.356
1740,1984,10,7,1367.3870000000002
1741,1984,10,8,1367.3429999999998
1742,1984,10,9,1367.2520000000002
1743,1984,10,10,1367.191
1744,1984,10,11,1367.21
1745,1984,10,12,1367.1789999999999
1746,1984,10,13,1367.1979999999999
1747,1984,10,14,1367.201
1748,1984,10,15,1367.129
1749,1984,10,16,1367.088
1750,1984,10,17,1367.06
1751,1984,10,18,1367.1370000000002
1752,1984,10,19,1367.1329999999998
1753,1984,10,20,1367.1370000000002
1754,1984,10,21,1367.195
1755,1984,10,22,1367.225
1756,1984,10,23,1367.273
1757,1984,10,24,1367.2910000000002
1758,1984,10,25,1367.285
1759,1984,10,26,1367.25
1760,1984,10,27,1367.2620000000002
1761,1984,10,28,1367.236
1762,1984,10,29,1367.171
1763,1984,10,30,1367.195
1764,1984,10,31,1367.1970000000001
1765,1984,11,1,1367.1770000000001
1766,1984,11,2,1367.2
1767,1984,11,3,1367.217
1768,1984,11,4,1367.2160000000001
1769,1984,11,5,1367.2720000000002
1770,1984,11,6,1367.295
1771,1984,11,7,1367.269
1772,1984,11,8,1367.164
1773,1984,11,9,1367.191
1774,1984,11,10,1367.1789999999999
1775,1984,11,11,1367.211
1776,1984,11,12,1367.234
1777,1984,11,13,1366.855
1778,1984,11,14,1367.26
1779,1984,11,15,
1780,1984,11,16,1367.283
1781,1984,11,17,1367.283
1782,1984,11,18,1367.316
1783,1984,11,19,1367.355
1784,1984,11,20,1367.2910000000002
1785,1984,11,21,1367.219
1786,1984,11,22,1367.183
1787,1984,11,23,1367.104
1788,1984,11,24,1367.0439999999999
1789,1984,11,25,1366.886
1790,1984,11,26,1366.78
1791,1984,11,27,1366.763
1792,1984,11,28,1366.9070000000002
1793,1984,11,29,1367.0929999999998
1794,1984,11,30,1367.223
1795,1984,12,1,1367.3370000000002
1796,1984,12,2,1367.39
1797,1984,12,3,1367.3470000000002
1798,1984,12,4,1367.25
1799,1984,12,5,1367.219
1800,1984,12,6,1367.233
1801,1984,12,7,1367.1970000000001
1802,1984,12,8,1367.2079999999999
1803,1984,12,9,1367.23
1804,1984,12,10,1367.234
1805,1984,12,11,1367.129
1806,1984,12,12,1367.09
1807,1984,12,13,1367.125
1808,1984,12,14,1367.144
1809,1984,12,15,1367.1960000000001
1810,1984,12,16,1367.095
1811,1984,12,17,1367.14
1812,1984,12,18,1367.183
1813,1984,12,19,1367.243
1814,1984,12,20,1367.26
1815,1984,12,21,1367.204
1816,1984,12,22,1367.205
1817,1984,12,23,
1818,1984,12,24,1367.128
1819,1984,12,25,1367.1470000000002
1820,1984,12,26,1367.2160000000001
1821,1984,12,27,1367.2
1822,1984,12,28,
1823,1984,12,29,1367.217
1824,1984,12,30,
1825,1984,12,31,1367.25
1826,1985,1,1,1367.358
1827,1985,1,2,1367.42
1828,1985,1,3,1367.3120000000001
1829,1985,1,4,1367.381
1830,1985,1,5,1367.366
1831,1985,1,6,
1832,1985,1,7,1367.328
1833,1985,1,8,
1834,1985,1,9,1367.237
1835,1985,1,10,1367.172
1836,1985,1,11,1367.156
1837,1985,1,12,1367.1670000000001
1838,1985,1,13,1367.067
1839,1985,1,14,1367.005
1840,1985,1,15,1367.006
1841,1985,1,16,1366.969
1842,1985,1,17,1366.961
1843,1985,1,18,1367.0610000000001
1844,1985,1,19,1367.006
1845,1985,1,20,1366.7420000000002
1846,1985,1,21,1366.7
1847,1985,1,22,1366.851
1848,1985,1,23,1367.092
1849,1985,1,24,1367.155
1850,1985,1,25,1367.121
1851,1985,1,26,1367.0770000000002
1852,1985,1,27,1367.0710000000001
1853,1985,1,28,1367.096
1854,1985,1,29,1367.06
1855,1985,1,30,1367.07
1856,1985,1,31,1367.0710000000001
1857,1985,2,1,1367.0520000000001
1858,1985,2,2,1366.964
1859,1985,2,3,1367.09
1860,1985,2,4,1367.22
1861,1985,2,5,1367.1779999999999
1862,1985,2,6,1367.172
1863,1985,2,7,1367.148
1864,1985,2,8,1367.172
1865,1985,2,9,1367.257
1866,1985,2,10,1367.2910000000002
1867,1985,2,11,1367.246
1868,1985,2,12,1367.226
1869,1985,2,13,1367.1860000000001
1870,1985,2,14,1367.1629999999998
1871,1985,2,15,1367.158
1872,1985,2,16,1367.148
1873,1985,2,17,1367.158
1874,1985,2,18,1367.2
1875,1985,2,19,1367.1960000000001
1876,1985,2,20,1367.1779999999999
1877,1985,2,21,1367.132
1878,1985,2,22,1367.09
1879,1985,2,23,1367.092
1880,1985,2,24,1367.059
1881,1985,2,25,1367.024
1882,1985,2,26,1367.0120000000002
1883,1985,2,27,1367.011
1884,1985,2,28,1367.0629999999999
1885,1985,3,1,1367.09
1886,1985,3,2,1367.184
1887,1985,3,3,1367.04
1888,1985,3,4,1366.999
1889,1985,3,5,1367.006
1890,1985,3,6,1367.0339999999999
1891,1985,3,7,1367.003
1892,1985,3,8,1367.026
1893,1985,3,9,1367.0479999999998
1894,1985,3,10,1367.086
1895,1985,3,11,1367.026
1896,1985,3,12,1367.068
1897,1985,3,13,1367.0729999999999
1898,1985,3,14,1367.078
1899,1985,3,15,1367.039
1900,1985,3,16,1367.056
1901,1985,3,17,1367.0439999999999
1902,1985,3,18,1367.096
1903,1985,3,19,1367.1129999999998
1904,1985,3,20,1367.118
1905,1985,3,21,1367.144
1906,1985,3,22,1367.136
1907,1985,3,23,1367.138
1908,1985,3,24,1367.088
1909,1985,3,25,1366.9779999999998
1910,1985,3,26,1366.933
1911,1985,3,27,1366.8970000000002
1912,1985,3,28,1366.8729999999998
1913,1985,3,29,1366.915
1914,1985,3,30,1366.9360000000001
1915,1985,3,31,1367.01
1916,1985,4,1,1367.036
1917,1985,4,2,1367.11
1918,1985,4,3,1366.993
1919,1985,4,4,1366.965
1920,1985,4,5,1366.994
1921,1985,4,6,1367.0479999999998
1922,1985,4,7,1366.971
1923,1985,4,8,1366.996
1924,1985,4,9,1366.9879999999998
1925,1985,4,10,1367.01
1926,1985,4,11,1366.965
1927,1985,4,12,1366.9620000000002
1928,1985,4,13,1366.986
1929,1985,4,14,1366.989
1930,1985,4,15,1366.9820000000002
1931,1985,4,16,1367.009
1932,1985,4,17,1367.0770000000002
1933,1985,4,18,1367.0279999999998
1934,1985,4,19,1367.0610000000001
1935,1985,4,20,1367.094
1936,1985,4,21,1367.0339999999999
1937,1985,4,22,1366.787
1938,1985,4,23,1366.529
1939,1985,4,24,1366.344
1940,1985,4,25,1366.29
1941,1985,4,26,1366.3
1942,1985,4,27,1366.494
1943,1985,4,28,1366.7520000000002
1944,1985,4,29,1366.856
1945,1985,4,30,1366.961
1946,1985,5,1,1367.1960000000001
1947,1985,5,2,1367.1989999999998
1948,1985,5,3,1367.0870000000002
1949,1985,5,4,1367.105
1950,1985,5,5,1367.067
1951,1985,5,6,1367.005
1952,1985,5,7,1367.017
1953,1985,5,8,1366.91
1954,1985,5,9,1366.882
1955,1985,5,10,1366.796
1956,1985,5,11,1366.658
1957,1985,5,12,1366.618
1958,1985,5,13,1366.569
1959,1985,5,14,1366.592
1960,1985,5,15,1366.695
1961,1985,5,16,1366.881
1962,1985,5,17,
1963,1985,5,18,
1964,1985,5,19,1367.1
1965,1985,5,20,1366.969
1966,1985,5,21,1366.9170000000001
1967,1985,5,22,1366.9460000000001
1968,1985,5,23,1366.996
1969,1985,5,24,1367.0379999999998
1970,1985,5,25,1367.069
1971,1985,5,26,1367.098
1972,1985,5,27,1367.099
1973,1985,5,28,1367.033
1974,1985,5,29,1366.9560000000001
1975,1985,5,30,1366.942
1976,1985,5,31,1367.158
1977,1985,6,1,1367.0020000000002
1978,1985,6,2,1366.995
1979,1985,6,3,1367.023
1980,1985,6,4,1367.037
1981,1985,6,5,1367.0339999999999
1982,1985,6,6,1367.024
1983,1985,6,7,1366.9279999999999
1984,1985,6,8,1367.068
1985,1985,6,9,1366.8729999999998
1986,1985,6,10,1366.8
1987,1985,6,11,1366.8229999999999
1988,1985,6,12,1367.043
1989,1985,6,13,1367.1429999999998
1990,1985,6,14,
1991,1985,6,15,1367.269
1992,1985,6,16,1367.281
1993,1985,6,17,1367.245
1994,1985,6,18,1367.1660000000002
1995,1985,6,19,1367.114
1996,1985,6,20,1367.079
1997,1985,6,21,1367.046
1998,1985,6,22,1367.043
1999,1985,6,23,1366.9129999999998
2000,1985,6,24,1366.9520000000002
2001,1985,6,25,1366.908
2002,1985,6,26,1366.922
2003,1985,6,27,1366.878
2004,1985,6,28,1366.9029999999998
2005,1985,6,29,1366.944
2006,1985,6,30,1367.056
2007,1985,7,1,1367.128
2008,1985,7,2,1367.192
2009,1985,7,3,1366.999
2010,1985,7,4,1367.01
2011,1985,7,5,1366.895
2012,1985,7,6,1366.7089999999998
2013,1985,7,7,1366.503
2014,1985,7,8,1366.531
2015,1985,7,9,1366.638
2016,1985,7,10,1366.783
2017,1985,7,11,1367.007
2018,1985,7,12,1367.0629999999999
2019,1985,7,13,1367.05
2020,1985,7,14,1367.005
2021,1985,7,15,1366.963
2022,1985,7,16,1366.9720000000002
2023,1985,7,17,1366.984
2024,1985,7,18,1366.977
2025,1985,7,19,1366.969
2026,1985,7,20,1367.0220000000002
2027,1985,7,21,1367.014
2028,1985,7,22,1366.9679999999998
2029,1985,7,23,1366.967
2030,1985,7,24,1366.9520000000002
2031,1985,7,25,1366.995
2032,1985,7,26,1367.0520000000001
2033,1985,7,27,1367.181
2034,1985,7,28,1367.215
2035,1985,7,29,1367.281
2036,1985,7,30,1367.2420000000002
2037,1985,7,31,1367.253
2038,1985,8,1,1367.185
2039,1985,8,2,1367.182
2040,1985,8,3,1367.24
2041,1985,8,4,1367.21
2042,1985,8,5,1367.236
2043,1985,8,6,1367.257
2044,1985,8,7,1367.24
2045,1985,8,8,1367.181
2046,1985,8,9,1367.035
2047,1985,8,10,1366.983
2048,1985,8,11,1366.9270000000001
2049,1985,8,12,1366.9170000000001
2050,1985,8,13,1366.896
2051,1985,8,14,1366.944
2052,1985,8,15,1366.964
2053,1985,8,16,1366.9489999999998
2054,1985,8,17,1366.9229999999998
2055,1985,8,18,1366.879
2056,1985,8,19,1366.908
2057,1985,8,20,1366.882
2058,1985,8,21,1366.967
2059,1985,8,22,1366.95
2060,1985,8,23,1367.0379999999998
2061,1985,8,24,1367.0839999999998
2062,1985,8,25,1367.115
2063,1985,8,26,1367.129
2064,1985,8,27,1367.142
2065,1985,8,28,1367.1270000000002
2066,1985,8,29,1367.138
2067,1985,8,30,1367.148
2068,1985,8,31,1367.1270000000002
2069,1985,9,1,1367.156
2070,1985,9,2,1367.344
2071,1985,9,3,1367.106
2072,1985,9,4,1367.0479999999998
2073,1985,9,5,1366.9920000000002
2074,1985,9,6,1367.0220000000002
2075,1985,9,7,1367.013
2076,1985,9,8,1366.9660000000001
2077,1985,9,9,1366.985
2078,1985,9,10,1367.005
2079,1985,9,11,1366.991
2080,1985,9,12,1366.979
2081,1985,9,13,1367.045
2082,1985,9,14,1367.007
2083,1985,9,15,1366.996
2084,1985,9,16,1366.986
2085,1985,9,17,1366.96
2086,1985,9,18,1366.943
2087,1985,9,19,1366.971
2088,1985,9,20,1366.989
2089,1985,9,21,1367.0710000000001
2090,1985,9,22,1367.0720000000001
2091,1985,9,23,1367.076
2092,1985,9,24,
2093,1985,9,25,1367.027
2094,1985,9,26,1367.021
2095,1985,9,27,1366.915
2096,1985,9,28,1367.005
2097,1985,9,29,1366.983
2098,1985,9,30,1367.0179999999998
2099,1985,10,1,1367.0320000000002
2100,1985,10,2,1366.9129999999998
2101,1985,10,3,1366.9379999999999
2102,1985,10,4,1366.918
2103,1985,10,5,1366.8670000000002
2104,1985,10,6,1366.918
2105,1985,10,7,1366.951
2106,1985,10,8,1366.9289999999999
2107,1985,10,9,1366.901
2108,1985,10,10,
2109,1985,10,11,1366.954
2110,1985,10,12,1366.9520000000002
2111,1985,10,13,1366.894
2112,1985,10,14,1366.934
2113,1985,10,15,1366.9560000000001
2114,1985,10,16,1367.076
2115,1985,10,17,1367.0520000000001
2116,1985,10,18,1367.017
2117,1985,10,19,1366.9160000000002
2118,1985,10,20,1366.8029999999999
2119,1985,10,21,1366.6889999999999
2120,1985,10,22,1366.4589999999998
2121,1985,10,23,
2122,1985,10,24,1366.703
2123,1985,10,25,1366.997
2124,1985,10,26,1367.141
2125,1985,10,27,1367.1370000000002
2126,1985,10,28,1367.0729999999999
2127,1985,10,29,1366.999
2128,1985,10,30,1366.9260000000002
2129,1985,10,31,1366.9279999999999
2130,1985,11,1,1366.9920000000002
2131,1985,11,2,1367.058
2132,1985,11,3,1366.967
2133,1985,11,4,1366.955
2134,1985,11,5,1366.9260000000002
2135,1985,11,6,1366.888
2136,1985,11,7,1366.924
2137,1985,11,8,1366.9489999999998
2138,1985,11,9,1366.9379999999999
2139,1985,11,10,1366.986
2140,1985,11,11,1367.024
2141,1985,11,12,1367.066
2142,1985,11,13,1367.142
2143,1985,11,14,1367.0720000000001
2144,1985,11,15,1366.963
2145,1985,11,16,
2146,1985,11,17,1366.991
2147,1985,11,18,1367.0339999999999
2148,1985,11,19,1367.089
2149,1985,11,20,1367.1370000000002
2150,1985,11,21,1367.21
2151,1985,11,22,1367.255
2152,1985,11,23,
2153,1985,11,24,1367.1329999999998
2154,1985,11,25,1367.0929999999998
2155,1985,11,26,
2156,1985,11,27,
2157,1985,11,28,
2158,1985,11,29,
2159,1985,11,30,
2160,1985,12,1,
2161,1985,12,2,
2162,1985,12,3,1366.767
2163,1985,12,4,1366.901
2164,1985,12,5,1366.9460000000001
2165,1985,12,6,1366.979
2166,1985,12,7,1367.003
2167,1985,12,8,1367.0320000000002
2168,1985,12,9,1367.134
2169,1985,12,10,1367.253
2170,1985,12,11,1367.224
2171,1985,12,12,1367.195
2172,1985,12,13,1367.181
2173,1985,12,14,1367.164
2174,1985,12,15,1367.111
2175,1985,12,16,1367.011
2176,1985,12,17,1367.03
2177,1985,12,18,1367.132
2178,1985,12,19,1367.21
2179,1985,12,20,1367.149
2180,1985,12,21,1367.105
2181,1985,12,22,1367.036
2182,1985,12,23,1367.005
2183,1985,12,24,1366.874
2184,1985,12,25,1366.898
2185,1985,12,26,1366.935
2186,1985,12,27,1366.984
2187,1985,12,28,1366.997
2188,1985,12,29,1366.991
2189,1985,12,30,1366.989
2190,1985,12,31,1366.979
2191,1986,1,1,1366.9579999999999
2192,1986,1,2,1366.9879999999998
2193,1986,1,3,1367.111
2194,1986,1,4,1367.112
2195,1986,1,5,1367.1970000000001
2196,1986,1,6,1367.261
2197,1986,1,7,1367.3339999999998
2198,1986,1,8,1367.433
2199,1986,1,9,
2200,1986,1,10,
2201,1986,1,11,
2202,1986,1,12,
2203,1986,1,13,
2204,1986,1,14,
2205,1986,1,15,
2206,1986,1,16,
2207,1986,1,17,
2208,1986,1,18,
2209,1986,1,19,
2210,1986,1,20,
2211,1986,1,21,
2212,1986,1,22,1366.901
2213,1986,1,23,1366.9
2214,1986,1,24,1366.9070000000002
2215,1986,1,25,1366.945
2216,1986,1,26,1366.886
2217,1986,1,27,1366.89
2218,1986,1,28,1366.864
2219,1986,1,29,1366.849
2220,1986,1,30,1366.9589999999998
2221,1986,1,31,1367.06
2222,1986,2,1,1367.089
2223,1986,2,2,1366.9589999999998
2224,1986,2,3,1366.668
2225,1986,2,4,1366.6129999999998
2226,1986,2,5,1366.622
2227,1986,2,6,1366.71
2228,1986,2,7,1366.896
2229,1986,2,8,1366.9879999999998
2230,1986,2,9,1367.031
2231,1986,2,10,1366.951
2232,1986,2,11,1366.828
2233,1986,2,12,1366.805
2234,1986,2,13,1366.983
2235,1986,2,14,1367.0420000000001
2236,1986,2,15,1366.983
2237,1986,2,16,1366.999
2238,1986,2,17,1367.011
2239,1986,2,18,1367.0020000000002
2240,1986,2,19,1366.905
2241,1986,2,20,1366.981
2242,1986,2,21,1366.985
2243,1986,2,22,1367.029
2244,1986,2,23,1367.0079999999998
2245,1986,2,24,1367.003
2246,1986,2,25,1367.011
2247,1986,2,26,1367.0220000000002
2248,1986,2,27,1367.057
2249,1986,2,28,1367.11
2250,1986,3,1,1367.295
2251,1986,3,2,1367.391
2252,1986,3,3,1367.132
2253,1986,3,4,1367.033
2254,1986,3,5,1366.911
2255,1986,3,6,1366.864
2256,1986,3,7,1366.899
2257,1986,3,8,1366.9879999999998
2258,1986,3,9,1367.112
2259,1986,3,10,1367.154
2260,1986,3,11,1367.1689999999999
2261,1986,3,12,1367.076
2262,1986,3,13,1366.9470000000001
2263,1986,3,14,
2264,1986,3,15,1366.874
2265,1986,3,16,1366.895
2266,1986,3,17,1366.879
2267,1986,3,18,1366.87
2268,1986,3,19,1366.89
2269,1986,3,20,1366.9479999999999
2270,1986,3,21,1366.964
2271,1986,3,22,1366.9589999999998
2272,1986,3,23,1366.965
2273,1986,3,24,1366.9479999999999
2274,1986,3,25,1366.9879999999998
2275,1986,3,26,1366.9979999999998
2276,1986,3,27,1367.019
2277,1986,3,28,1367.066
2278,1986,3,29,1367.139
2279,1986,3,30,1367.15
2280,1986,3,31,1367.128
2281,1986,4,1,1367.15
2282,1986,4,2,1367.089
2283,1986,4,3,1367.0339999999999
2284,1986,4,4,1367.079
2285,1986,4,5,1367.0620000000001
2286,1986,4,6,1367.01
2287,1986,4,7,1367.013
2288,1986,4,8,1367.0220000000002
2289,1986,4,9,1367.02
2290,1986,4,10,1366.9029999999998
2291,1986,4,11,1366.941
2292,1986,4,12,1366.905
2293,1986,4,13,1366.8770000000002
2294,1986,4,14,1366.999
2295,1986,4,15,1367.0420000000001
2296,1986,4,16,1367.0970000000002
2297,1986,4,17,1367.067
2298,1986,4,18,1367.0120000000002
2299,1986,4,19,1366.933
2300,1986,4,20,1366.9070000000002
2301,1986,4,21,1366.908
2302,1986,4,22,1366.951
2303,1986,4,23,1366.82
2304,1986,4,24,
2305,1986,4,25,
2306,1986,4,26,
2307,1986,4,27,
2308,1986,4,28,
2309,1986,4,29,
2310,1986,4,30,
2311,1986,5,1,1367.0279999999998
2312,1986,5,2,1367.155
2313,1986,5,3,1367.336
2314,1986,5,4,1367.03
2315,1986,5,5,1367.017
2316,1986,5,6,1367.203
2317,1986,5,7,1366.904
2318,1986,5,8,1366.96
2319,1986,5,9,1366.9160000000002
2320,1986,5,10,1366.9679999999998
2321,1986,5,11,1367.058
2322,1986,5,12,1367.148
2323,1986,5,13,1366.969
2324,1986,5,14,1366.9389999999999
2325,1986,5,15,1366.974
2326,1986,5,16,1367.035
2327,1986,5,17,1366.996
2328,1986,5,18,1367.026
2329,1986,5,19,1367.0839999999998
2330,1986,5,20,1367.155
2331,1986,5,21,1367.215
2332,1986,5,22,1367.3429999999998
2333,1986,5,23,1367.193
2334,1986,5,24,1367.109
2335,1986,5,25,1367.07
2336,1986,5,26,1367.0520000000001
2337,1986,5,27,1367.026
2338,1986,5,28,1367.0739999999998
2339,1986,5,29,1367.05
2340,1986,5,30,1366.994
2341,1986,5,31,1366.9260000000002
2342,1986,6,1,
2343,1986,6,2,1367.0510000000002
2344,1986,6,3,1367.0
2345,1986,6,4,1366.848
2346,1986,6,5,1366.82
2347,1986,6,6,1366.912
2348,1986,6,7,1367.066
2349,1986,6,8,1366.901
2350,1986,6,9,1367.0729999999999
2351,1986,6,10,1366.9479999999999
2352,1986,6,11,1366.9379999999999
2353,1986,6,12,
2354,1986,6,13,1366.9679999999998
2355,1986,6,14,1367.115
2356,1986,6,15,1367.0479999999998
2357,1986,6,16,1367.1729999999998
2358,1986,6,17,1367.41
2359,1986,6,18,1367.112
2360,1986,6,19,1367.1689999999999
2361,1986,6,20,1367.13
2362,1986,6,21,1367.175
2363,1986,6,22,1367.094
2364,1986,6,23,1367.135
2365,1986,6,24,1367.066
2366,1986,6,25,1367.0020000000002
2367,1986,6,26,1366.92
2368,1986,6,27,1366.904
2369,1986,6,28,1366.894
2370,1986,6,29,1366.9589999999998
2371,1986,6,30,1367.109
2372,1986,7,1,1366.8770000000002
2373,1986,7,2,1367.043
2374,1986,7,3,1367.267
2375,1986,7,4,1367.205
2376,1986,7,5,1367.1589999999999
2377,1986,7,6,1366.854
2378,1986,7,7,1366.942
2379,1986,7,8,1366.874
2380,1986,7,9,1366.895
2381,1986,7,10,1366.816
2382,1986,7,11,1366.7820000000002
2383,1986,7,12,1366.9289999999999
2384,1986,7,13,1366.921
2385,1986,7,14,1366.94
2386,1986,7,15,1367.011
2387,1986,7,16,1367.128
2388,1986,7,17,1367.128
2389,1986,7,18,1367.0379999999998
2390,1986,7,19,1367.165
2391,1986,7,20,1367.001
2392,1986,7,21,1366.986
2393,1986,7,22,1366.9620000000002
2394,1986,7,23,1366.9479999999999
2395,1986,7,24,1366.92
2396,1986,7,25,1366.935
2397,1986,7,26,1366.942
2398,1986,7,27,1366.899
2399,1986,7,28,1366.892
2400,1986,7,29,1366.898
2401,1986,7,30,1366.8770000000002
2402,1986,7,31,
2403,1986,8,1,1366.7920000000001
2404,1986,8,2,1366.819
2405,1986,8,3,1366.933
2406,1986,8,4,1366.8570000000002
2407,1986,8,5,1366.995
2408,1986,8,6,1366.93
2409,1986,8,7,1367.056
2410,1986,8,8,1367.005
2411,1986,8,9,1366.977
2412,1986,8,10,1366.97
2413,1986,8,11,1367.046
2414,1986,8,12,1367.023
2415,1986,8,13,1367.0420000000001
2416,1986,8,14,1367.0639999999999
2417,1986,8,15,1367.0
2418,1986,8,16,1366.879
2419,1986,8,17,1366.9460000000001
2420,1986,8,18,1366.9270000000001
2421,1986,8,19,1366.95
2422,1986,8,20,1366.914
2423,1986,8,21,1366.889
2424,1986,8,22,1366.908
2425,1986,8,23,1366.904
2426,1986,8,24,1367.069
2427,1986,8,25,1366.912
2428,1986,8,26,1367.006
2429,1986,8,27,1366.835
2430,1986,8,28,1366.799
2431,1986,8,29,1366.82
2432,1986,8,30,1366.943
2433,1986,8,31,1366.8370000000002
2434,1986,9,1,1366.879
2435,1986,9,2,1367.089
2436,1986,9,3,1366.865
2437,1986,9,4,1366.918
2438,1986,9,5,1366.921
2439,1986,9,6,1366.943
2440,1986,9,7,1366.9820000000002
2441,1986,9,8,1366.924
2442,1986,9,9,1366.9370000000001
2443,1986,9,10,1366.9460000000001
2444,1986,9,11,1366.9460000000001
2445,1986,9,12,1366.941
2446,1986,9,13,1366.955
2447,1986,9,14,1367.124
2448,1986,9,15,1366.97
2449,1986,9,16,1366.9260000000002
2450,1986,9,17,1366.941
2451,1986,9,18,1366.964
2452,1986,9,19,1366.9270000000001
2453,1986,9,20,1366.999
2454,1986,9,21,1366.9779999999998
2455,1986,9,22,1366.997
2456,1986,9,23,1366.996
2457,1986,9,24,1367.092
2458,1986,9,25,1367.043
2459,1986,9,26,1366.983
2460,1986,9,27,1366.989
2461,1986,9,28,1366.93
2462,1986,9,29,1366.941
2463,1986,9,30,1367.017
2464,1986,10,1,1367.1370000000002
2465,1986,10,2,1366.977
2466,1986,10,3,1367.045
2467,1986,10,4,1366.932
2468,1986,10,5,1367.316
2469,1986,10,6,1366.99
2470,1986,10,7,1367.1570000000002
2471,1986,10,8,
2472,1986,10,9,1367.0970000000002
2473,1986,10,10,1367.015
2474,1986,10,11,1367.0529999999999
2475,1986,10,12,1367.036
2476,1986,10,13,1366.95
2477,1986,10,14,1366.9070000000002
2478,1986,10,15,1366.874
2479,1986,10,16,1367.06
2480,1986,10,17,1367.0
2481,1986,10,18,1366.997
2482,1986,10,19,1366.9029999999998
2483,1986,10,20,1366.861
2484,1986,10,21,1366.845
2485,1986,10,22,1366.8110000000001
2486,1986,10,23,1366.8270000000002
2487,1986,10,24,1366.776
2488,1986,10,25,1366.9170000000001
2489,1986,10,26,1367.0539999999999
2490,1986,10,27,1367.151
2491,1986,10,28,1367.144
2492,1986,10,29,1367.1970000000001
2493,1986,10,30,1367.118
2494,1986,10,31,1367.059
2495,1986,11,1,1366.868
2496,1986,11,2,1366.8870000000002
2497,1986,11,3,1366.9170000000001
2498,1986,11,4,1367.18
2499,1986,11,5,1366.993
2500,1986,11,6,1367.0510000000002
2501,1986,11,7,1367.101
2502,1986,11,8,1367.0410000000002
2503,1986,11,9,1366.999
2504,1986,11,10,1366.9089999999999
2505,1986,11,11,1366.925
2506,1986,11,12,1366.931
2507,1986,11,13,
2508,1986,11,14,1366.991
2509,1986,11,15,1367.096
2510,1986,11,16,1367.204
2511,1986,11,17,1367.134
2512,1986,11,18,1367.164
2513,1986,11,19,1367.122
2514,1986,11,20,1367.139
2515,1986,11,21,1367.1879999999999
2516,1986,11,22,1367.172
2517,1986,11,23,1367.194
2518,1986,11,24,1367.276
2519,1986,11,25,1367.2720000000002
2520,1986,11,26,1367.244
2521,1986,11,27,1367.2160000000001
2522,1986,11,28,1367.241
2523,1986,11,29,1367.215
2524,1986,11,30,1367.235
2525,1986,12,1,1367.23
2526,1986,12,2,1367.2620000000002
2527,1986,12,3,1367.193
2528,1986,12,4,1367.1879999999999
2529,1986,12,5,1367.069
2530,1986,12,6,1367.155
2531,1986,12,7,1367.0179999999998
2532,1986,12,8,1367.014
2533,1986,12,9,1366.94
2534,1986,12,10,1366.933
2535,1986,12,11,1366.95
2536,1986,12,12,1366.967
2537,1986,12,13,1366.9820000000002
2538,1986,12,14,1367.0829999999999
2539,1986,12,15,1367.0510000000002
2540,1986,12,16,1367.119
2541,1986,12,17,1367.0539999999999
2542,1986,12,18,1367.02
2543,1986,12,19,1367.0179999999998
2544,1986,12,20,1367.056
2545,1986,12,21,1367.075
2546,1986,12,22,1366.993
2547,1986,12,23,1367.024
2548,1986,12,24,1367.094
2549,1986,12,25,1367.0
2550,1986,12,26,1366.9779999999998
2551,1986,12,27,1366.957
2552,1986,12,28,1366.98
2553,1986,12,29,1366.915
2554,1986,12,30,1366.931
2555,1986,12,31,
2556,1987,1,1,1366.852
2557,1987,1,2,1367.06
2558,1987,1,3,1366.861
2559,1987,1,4,1366.914
2560,1987,1,5,1366.9229999999998
2561,1987,1,6,1366.999
2562,1987,1,7,1366.951
2563,1987,1,8,1366.8729999999998
2564,1987,1,9,1366.9389999999999
2565,1987,1,10,1366.921
2566,1987,1,11,1366.981
2567,1987,1,12,1366.996
2568,1987,1,13,1367.224
2569,1987,1,14,1367.045
2570,1987,1,15,1367.114
2571,1987,1,16,1367.17
2572,1987,1,17,1367.1529999999998
2573,1987,1,18,1367.149
2574,1987,1,19,1367.3329999999999
2575,1987,1,20,1367.201
2576,1987,1,21,1367.065
2577,1987,1,22,1367.021
2578,1987,1,23,1367.185
2579,1987,1,24,1366.999
2580,1987,1,25,1366.9660000000001
2581,1987,1,26,1366.933
2582,1987,1,27,1366.861
2583,1987,1,28,1366.846
2584,1987,1,29,1366.866
2585,1987,1,30,1366.829
2586,1987,1,31,1366.858
2587,1987,2,1,1366.8970000000002
2588,1987,2,2,1366.964
2589,1987,2,3,1366.871
2590,1987,2,4,1366.8239999999998
2591,1987,2,5,1366.9620000000002
2592,1987,2,6,1366.869
2593,1987,2,7,1366.838
2594,1987,2,8,1367.005
2595,1987,2,9,1367.004
2596,1987,2,10,1366.9360000000001
2597,1987,2,11,1366.9489999999998
2598,1987,2,12,1367.023
2599,1987,2,13,1366.95
2600,1987,2,14,1366.9979999999998
2601,1987,2,15,1367.0420000000001
2602,1987,2,16,1367.027
2603,1987,2,17,1367.0610000000001
2604,1987,2,18,1366.961
2605,1987,2,19,1366.98
2606,1987,2,20,1366.953
2607,1987,2,21,1366.977
2608,1987,2,22,1366.971
2609,1987,2,23,1366.905
2610,1987,2,24,1366.932
2611,1987,2,25,1366.872
2612,1987,2,26,1366.942
2613,1987,2,27,1367.0079999999998
2614,1987,2,28,1367.075
2615,1987,3,1,1366.924
2616,1987,3,2,1367.129
2617,1987,3,3,1366.925
2618,1987,3,4,1367.249
2619,1987,3,5,1366.92
2620,1987,3,6,1366.8229999999999
2621,1987,3,7,1366.8110000000001
2622,1987,3,8,1366.839
2623,1987,3,9,1366.8310000000001
2624,1987,3,10,1366.8270000000002
2625,1987,3,11,1366.815
2626,1987,3,12,1366.8229999999999
2627,1987,3,13,1366.8210000000001
2628,1987,3,14,1366.832
2629,1987,3,15,1366.881
2630,1987,3,16,1366.906
2631,1987,3,17,1366.8829999999998
2632,1987,3,18,1366.9
2633,1987,3,19,1366.92
2634,1987,3,20,1366.921
2635,1987,3,21,1367.095
2636,1987,3,22,1366.9170000000001
2637,1987,3,23,1366.9170000000001
2638,1987,3,24,1366.934
2639,1987,3,25,1366.9479999999999
2640,1987,3,26,1366.971
2641,1987,3,27,1367.0079999999998
2642,1987,3,28,1366.9260000000002
2643,1987,3,29,1366.922
2644,1987,3,30,1366.713
2645,1987,3,31,1366.8210000000001
2646,1987,4,1,1367.129
2647,1987,4,2,1366.808
2648,1987,4,3,1367.11
2649,1987,4,4,1366.7079999999999
2650,1987,4,5,1366.82
2651,1987,4,6,1366.751
2652,1987,4,7,1366.54
2653,1987,4,8,1367.126
2654,1987,4,9,1366.543
2655,1987,4,10,
2656,1987,4,11,1367.118
2657,1987,4,12,1366.545
2658,1987,4,13,1366.703
2659,1987,4,14,1367.193
2660,1987,4,15,1366.8410000000001
2661,1987,4,16,1366.93
2662,1987,4,17,1367.036
2663,1987,4,18,1367.138
2664,1987,4,19,1367.211
2665,1987,4,20,1367.078
2666,1987,4,21,1366.9470000000001
2667,1987,4,22,1367.023
2668,1987,4,23,1367.109
2669,1987,4,24,1366.981
2670,1987,4,25,1366.961
2671,1987,4,26,1366.981
2672,1987,4,27,1366.9
2673,1987,4,28,1366.856
2674,1987,4,29,1366.8870000000002
2675,1987,4,30,1366.9479999999999
2676,1987,5,1,1366.92
2677,1987,5,2,1366.9979999999998
2678,1987,5,3,1366.941
2679,1987,5,4,1367.092
2680,1987,5,5,1367.296
2681,1987,5,6,1367.15
2682,1987,5,7,1367.1629999999998
2683,1987,5,8,1367.1429999999998
2684,1987,5,9,1367.1879999999999
2685,1987,5,10,1367.251
2686,1987,5,11,1367.2279999999998
2687,1987,5,12,1367.2920000000001
2688,1987,5,13,1367.3629999999998
2689,1987,5,14,1367.281
2690,1987,5,15,1367.3139999999999
2691,1987,5,16,1367.28
2692,1987,5,17,1367.0439999999999
2693,1987,5,18,1366.977
2694,1987,5,19,1366.844
2695,1987,5,20,1366.6979999999999
2696,1987,5,21,1367.155
2697,1987,5,22,1366.525
2698,1987,5,23,1366.882
2699,1987,5,24,1366.957
2700,1987,5,25,1366.915
2701,1987,5,26,1367.0320000000002
2702,1987,5,27,1366.95
2703,1987,5,28,1366.7979999999998
2704,1987,5,29,1366.9620000000002
2705,1987,5,30,1366.817
2706,1987,5,31,1366.8829999999998
2707,1987,6,1,1366.994
2708,1987,6,2,1367.0870000000002
2709,1987,6,3,1367.057
2710,1987,6,4,1367.078
2711,1987,6,5,1367.0729999999999
2712,1987,6,6,1367.098
2713,1987,6,7,1367.1270000000002
2714,1987,6,8,1367.1429999999998
2715,1987,6,9,1367.129
2716,1987,6,10,1367.109
2717,1987,6,11,1367.128
2718,1987,6,12,1367.16
2719,1987,6,13,1367.24
2720,1987,6,14,1367.229
2721,1987,6,15,1367.2820000000002
2722,1987,6,16,1367.277
2723,1987,6,17,1367.119
2724,1987,6,18,
2725,1987,6,19,1367.174
2726,1987,6,20,1367.1879999999999
2727,1987,6,21,1367.23
2728,1987,6,22,1367.112
2729,1987,6,23,1367.0079999999998
2730,1987,6,24,1366.986
2731,1987,6,25,1367.0420000000001
2732,1987,6,26,1367.0610000000001
2733,1987,6,27,1367.175
2734,1987,6,28,1367.172
2735,1987,6,29,1367.122
2736,1987,6,30,
2737,1987,7,1,1367.1270000000002
2738,1987,7,2,1367.261
2739,1987,7,3,1367.0839999999998
2740,1987,7,4,1367.085
2741,1987,7,5,1367.101
2742,1987,7,6,1367.033
2743,1987,7,7,1367.024
2744,1987,7,8,1366.964
2745,1987,7,9,1366.9879999999998
2746,1987,7,10,1366.97
2747,1987,7,11,1366.9520000000002
2748,1987,7,12,1366.985
2749,1987,7,13,1366.997
2750,1987,7,14,1367.05
2751,1987,7,15,1367.055
2752,1987,7,16,1367.112
2753,1987,7,17,1367.128
2754,1987,7,18,1367.138
2755,1987,7,19,1367.2579999999998
2756,1987,7,20,1367.1429999999998
2757,1987,7,21,1367.162
2758,1987,7,22,1367.149
2759,1987,7,23,1367.066
2760,1987,7,24,1367.057
2761,1987,7,25,1367.132
2762,1987,7,26,1367.1370000000002
2763,1987,7,27,1367.1229999999998
2764,1987,7,28,1367.1529999999998
2765,1987,7,29,1367.2910000000002
2766,1987,7,30,1367.2520000000002
2767,1987,7,31,1367.192
2768,1987,8,1,1367.094
2769,1987,8,2,1367.057
2770,1987,8,3,1367.141
2771,1987,8,4,1367.066
2772,1987,8,5,1367.056
2773,1987,8,6,1367.006
2774,1987,8,7,1366.9660000000001
2775,1987,8,8,1367.1770000000001
2776,1987,8,9,1366.8529999999998
2777,1987,8,10,1367.101
2778,1987,8,11,1367.1879999999999
2779,1987,8,12,1367.106
2780,1987,8,13,1367.01
2781,1987,8,14,1366.9820000000002
2782,1987,8,15,1366.871
2783,1987,8,16,1366.8210000000001
2784,1987,8,17,1366.9170000000001
2785,1987,8,18,1366.943
2786,1987,8,19,1366.9720000000002
2787,1987,8,20,1367.095
2788,1987,8,21,1367.164
2789,1987,8,22,1367.18
2790,1987,8,23,1367.391
2791,1987,8,24,1367.2920000000001
2792,1987,8,25,1367.246
2793,1987,8,26,1367.136
2794,1987,8,27,1367.19
2795,1987,8,28,1367.142
2796,1987,8,29,1367.29
2797,1987,8,30,1367.154
2798,1987,8,31,
2799,1987,9,1,1367.146
2800,1987,9,2,1367.2
2801,1987,9,3,1367.1760000000002
2802,1987,9,4,1367.181
2803,1987,9,5,1367.088
2804,1987,9,6,1367.142
2805,1987,9,7,1366.878
2806,1987,9,8,1366.766
2807,1987,9,9,1366.92
2808,1987,9,10,1367.116
2809,1987,9,11,1367.2320000000002
2810,1987,9,12,
2811,1987,9,13,1367.305
2812,1987,9,14,1367.4
2813,1987,9,15,1367.265
2814,1987,9,16,1367.246
2815,1987,9,17,1367.338
2816,1987,9,18,1367.326
2817,1987,9,19,1367.318
2818,1987,9,20,1367.299
2819,1987,9,21,1367.223
2820,1987,9,22,1367.1229999999998
2821,1987,9,23,1367.134
2822,1987,9,24,1367.082
2823,1987,9,25,1367.088
2824,1987,9,26,1367.154
2825,1987,9,27,1367.0929999999998
2826,1987,9,28,
2827,1987,9,29,
2828,1987,9,30,
2829,1987,10,1,1367.2320000000002
2830,1987,10,2,
2831,1987,10,3,
2832,1987,10,4,
2833,1987,10,5,
2834,1987,10,6,1367.118
2835,1987,10,7,
2836,1987,10,8,
2837,1987,10,9,1367.378
2838,1987,10,10,1367.352
2839,1987,10,11,1367.582
2840,1987,10,12,1367.244
2841,1987,10,13,1367.0629999999999
2842,1987,10,14,1366.879
2843,1987,10,15,1366.7910000000002
2844,1987,10,16,1366.904
2845,1987,10,17,1367.0339999999999
2846,1987,10,18,1367.224
2847,1987,10,19,1367.46
2848,1987,10,20,1367.422
2849,1987,10,21,1367.395
2850,1987,10,22,1367.26
2851,1987,10,23,1367.181
2852,1987,10,24,1367.233
2853,1987,10,25,1367.2839999999999
2854,1987,10,26,1367.344
2855,1987,10,27,1367.325
2856,1987,10,28,1367.23
2857,1987,10,29,1367.141
2858,1987,10,30,1367.124
2859,1987,10,31,1367.2179999999998
2860,1987,11,1,1367.293
2861,1987,11,2,1367.3870000000002
2862,1987,11,3,1367.5479999999998
2863,1987,11,4,1367.578
2864,1987,11,5,1367.7
2865,1987,11,6,1367.56
2866,1987,11,7,1367.392
2867,1987,11,8,1367.376
2868,1987,11,9,1367.4189999999999
2869,1987,11,10,1367.408
2870,1987,11,11,
2871,1987,11,12,
2872,1987,11,13,1367.318
2873,1987,11,14,1367.229
2874,1987,11,15,1367.078
2875,1987,11,16,
2876,1987,11,17,
2877,1987,11,18,
2878,1987,11,19,
2879,1987,11,20,
2880,1987,11,21,1366.976
2881,1987,11,22,1367.155
2882,1987,11,23,1367.356
2883,1987,11,24,1367.399
2884,1987,11,25,1367.484
2885,1987,11,26,1367.5620000000001
2886,1987,11,27,
2887,1987,11,28,
2888,1987,11,29,
2889,1987,11,30,
2890,1987,12,1,1367.64
2891,1987,12,2,1367.683
2892,1987,12,3,1367.636
2893,1987,12,4,1367.62
2894,1987,12,5,1367.606
2895,1987,12,6,1367.556
2896,1987,12,7,
2897,1987,12,8,
2898,1987,12,9,1367.559
2899,1987,12,10,1367.5839999999998
2900,1987,12,11,1367.495
2901,1987,12,12,1367.4720000000002
2902,1987,12,13,1367.4489999999998
2903,1987,12,14,1367.536
2904,1987,12,15,1367.5320000000002
2905,1987,12,16,1367.454
2906,1987,12,17,1367.4289999999999
2907,1987,12,18,1367.376
2908,1987,12,19,1367.369
2909,1987,12,20,1367.424
2910,1987,12,21,1367.4379999999999
2911,1987,12,22,1367.4479999999999
2912,1987,12,23,1367.483
2913,1987,12,24,1367.4370000000001
2914,1987,12,25,1367.43
2915,1987,12,26,1367.4270000000001
2916,1987,12,27,1367.359
2917,1987,12,28,1367.3529999999998
2918,1987,12,29,1367.359
2919,1987,12,30,1367.382
2920,1987,12,31,
2921,1988,1,1,1367.21
2922,1988,1,2,1367.217
2923,1988,1,3,1367.299
2924,1988,1,4,1367.514
2925,1988,1,5,1367.565
2926,1988,1,6,1367.598
2927,1988,1,7,1367.66
2928,1988,1,8,1367.332
2929,1988,1,9,1367.433
2930,1988,1,10,1367.3729999999998
2931,1988,1,11,1367.4070000000002
2932,1988,1,12,1367.4779999999998
2933,1988,1,13,1367.644
2934,1988,1,14,1367.7720000000002
2935,1988,1,15,1367.7979999999998
2936,1988,1,16,1367.483
2937,1988,1,17,1367.467
2938,1988,1,18,1367.4279999999999
2939,1988,1,19,1367.359
2940,1988,1,20,1367.1570000000002
2941,1988,1,21,1367.246
2942,1988,1,22,1367.339
2943,1988,1,23,1367.55
2944,1988,1,24,1367.66
2945,1988,1,25,1367.626
2946,1988,1,26,1367.556
2947,1988,1,27,1367.221
2948,1988,1,28,1367.342
2949,1988,1,29,1367.4189999999999
2950,1988,1,30,1367.451
2951,1988,1,31,1367.535
2952,1988,2,1,1367.346
2953,1988,2,2,1367.646
2954,1988,2,3,1367.61
2955,1988,2,4,1367.606
2956,1988,2,5,1367.575
2957,1988,2,6,1367.5729999999999
2958,1988,2,7,1367.526
2959,1988,2,8,1367.6589999999999
2960,1988,2,9,1367.7379999999998
2961,1988,2,10,1367.756
2962,1988,2,11,1367.764
2963,1988,2,12,1367.6
2964,1988,2,13,1367.5020000000002
2965,1988,2,14,1367.481
2966,1988,2,15,1367.355
2967,1988,2,16,1367.3
2968,1988,2,17,1367.1979999999999
2969,1988,2,18,1367.134
2970,1988,2,19,1367.057
2971,1988,2,20,1367.134
2972,1988,2,21,1367.193
2973,1988,2,22,1367.2479999999998
2974,1988,2,23,1367.359
2975,1988,2,24,1367.3729999999998
2976,1988,2,25,1367.4360000000001
2977,1988,2,26,1367.43
2978,1988,2,27,1367.29
2979,1988,2,28,1367.454
2980,1988,2,29,
2981,1988,3,1,1367.34
2982,1988,3,2,1367.204
2983,1988,3,3,1367.225
2984,1988,3,4,1367.174
2985,1988,3,5,1367.31
2986,1988,3,6,1367.3310000000001
2987,1988,3,7,1367.424
2988,1988,3,8,1367.52
2989,1988,3,9,1367.527
2990,1988,3,10,1367.5510000000002
2991,1988,3,11,1367.467
2992,1988,3,12,1367.63
2993,1988,3,13,1367.5410000000002
2994,1988,3,14,1367.3239999999998
2995,1988,3,15,1367.1670000000001
2996,1988,3,16,1366.816
2997,1988,3,17,1366.774
2998,1988,3,18,1366.695
2999,1988,3,19,1366.771
3000,1988,3,20,1366.885
3001,1988,3,21,1367.1729999999998
3002,1988,3,22,1367.348
3003,1988,3,23,1367.286
3004,1988,3,24,1367.3139999999999
3005,1988,3,25,1367.3020000000001
3006,1988,3,26,1366.9370000000001
3007,1988,3,27,1367.3139999999999
3008,1988,3,28,1367.297
3009,1988,3,29,1367.175
3010,1988,3,30,1367.135
3011,1988,3,31,1367.1470000000002
3012,1988,4,1,1367.0910000000001
3013,1988,4,2,1367.239
3014,1988,4,3,1367.3970000000002
3015,1988,4,4,1367.477
3016,1988,4,5,1367.6029999999998
3017,1988,4,6,1367.3229999999999
3018,1988,4,7,1367.244
3019,1988,4,8,1367.217
3020,1988,4,9,1367.4
3021,1988,4,10,1367.519
3022,1988,4,11,1367.496
3023,1988,4,12,1367.53
3024,1988,4,13,1367.654
3025,1988,4,14,1367.3110000000001
3026,1988,4,15,1367.079
3027,1988,4,16,1366.865
3028,1988,4,17,1366.9170000000001
3029,1988,4,18,1367.0410000000002
3030,1988,4,19,1367.1329999999998
3031,1988,4,20,1367.485
3032,1988,4,21,1367.4229999999998
3033,1988,4,22,1367.683
3034,1988,4,23,1367.737
3035,1988,4,24,1367.6760000000002
3036,1988,4,25,1367.465
3037,1988,4,26,1367.4229999999998
3038,1988,4,27,1367.3039999999999
3039,1988,4,28,1367.237
3040,1988,4,29,1367.213
3041,1988,4,30,
3042,1988,5,1,1367.2579999999998
3043,1988,5,2,1367.3410000000001
3044,1988,5,3,1367.415
3045,1988,5,4,1367.424
3046,1988,5,5,1367.547
3047,1988,5,6,1367.84
3048,1988,5,7,1367.62
3049,1988,5,8,1367.7379999999998
3050,1988,5,9,1367.668
3051,1988,5,10,1367.845
3052,1988,5,11,1367.8110000000001
3053,1988,5,12,1367.828
3054,1988,5,13,1367.836
3055,1988,5,14,1367.779
3056,1988,5,15,1367.75
3057,1988,5,16,1367.6270000000002
3058,1988,5,17,1367.5829999999999
3059,1988,5,18,1367.601
3060,1988,5,19,1367.639
3061,1988,5,20,1367.764
3062,1988,5,21,1367.705
3063,1988,5,22,1367.817
3064,1988,5,23,1367.771
3065,1988,5,24,1367.631
3066,1988,5,25,1367.401
3067,1988,5,26,1367.207
3068,1988,5,27,1367.1670000000001
3069,1988,5,28,1367.2079999999999
3070,1988,5,29,1367.276
3071,1988,5,30,1367.38
3072,1988,5,31,1367.4979999999998
3073,1988,6,1,1367.5529999999999
3074,1988,6,2,1367.589
3075,1988,6,3,1367.1870000000001
3076,1988,6,4,1367.094
3077,1988,6,5,1367.115
3078,1988,6,6,1367.29
3079,1988,6,7,1367.445
3080,1988,6,8,1367.432
3081,1988,6,9,1367.524
3082,1988,6,10,1367.7379999999998
3083,1988,6,11,1367.711
3084,1988,6,12,1367.485
3085,1988,6,13,1367.4289999999999
3086,1988,6,14,1367.32
3087,1988,6,15,1367.4260000000002
3088,1988,6,16,1367.5120000000002
3089,1988,6,17,1367.457
3090,1988,6,18,1367.306
3091,1988,6,19,1367.3339999999998
3092,1988,6,20,1367.1770000000001
3093,1988,6,21,1367.112
3094,1988,6,22,1367.0620000000001
3095,1988,6,23,1366.9370000000001
3096,1988,6,24,1366.941
3097,1988,6,25,1367.285
3098,1988,6,26,1367.628
3099,1988,6,27,1367.38
3100,1988,6,28,1366.8129999999999
3101,1988,6,29,1365.9
3102,1988,6,30,1365.344
3103,1988,7,1,1365.219
3104,1988,7,2,
3105,1988,7,3,1365.346
3106,1988,7,4,1366.024
3107,1988,7,5,1366.9560000000001
3108,1988,7,6,1367.6879999999999
3109,1988,7,7,1367.8310000000001
3110,1988,7,8,1367.646
3111,1988,7,9,1367.1770000000001
3112,1988,7,10,1366.985
3113,1988,7,11,1366.91
3114,1988,7,12,1366.96
3115,1988,7,13,1367.156
3116,1988,7,14,1367.07
3117,1988,7,15,1366.979
3118,1988,7,16,1366.6729999999998
3119,1988,7,17,1366.547
3120,1988,7,18,1366.7720000000002
3121,1988,7,19,1366.961
3122,1988,7,20,1367.086
3123,1988,7,21,1367.317
3124,1988,7,22,1367.5639999999999
3125,1988,7,23,1367.737
3126,1988,7,24,1368.0520000000001
3127,1988,7,25,1367.9679999999998
3128,1988,7,26,1367.8020000000001
3129,1988,7,27,1367.5079999999998
3130,1988,7,28,1367.2879999999998
3131,1988,7,29,1367.1760000000002
3132,1988,7,30,1366.925
3133,1988,7,31,1366.735
3134,1988,8,1,1366.7920000000001
3135,1988,8,2,1367.22
3136,1988,8,3,1367.266
3137,1988,8,4,1367.525
3138,1988,8,5,1367.4389999999999
3139,1988,8,6,1367.4189999999999
3140,1988,8,7,1367.506
3141,1988,8,8,1367.404
3142,1988,8,9,1367.1670000000001
3143,1988,8,10,1366.816
3144,1988,8,11,1366.382
3145,1988,8,12,1366.224
3146,1988,8,13,1366.378
3147,1988,8,14,1366.721
3148,1988,8,15,1367.1689999999999
3149,1988,8,16,1367.2220000000002
3150,1988,8,17,1367.6329999999998
3151,1988,8,18,1367.759
3152,1988,8,19,1367.8270000000002
3153,1988,8,20,1367.8310000000001
3154,1988,8,21,1367.874
3155,1988,8,22,1367.79
3156,1988,8,23,1367.766
3157,1988,8,24,1367.783
3158,1988,8,25,1367.76
3159,1988,8,26,1367.636
3160,1988,8,27,1367.866
3161,1988,8,28,1367.994
3162,1988,8,29,1367.674
3163,1988,8,30,1367.27
3164,1988,8,31,1366.7379999999998
3165,1988,9,1,1366.2939999999999
3166,1988,9,2,1366.531
3167,1988,9,3,1367.119
3168,1988,9,4,1367.3110000000001
3169,1988,9,5,1367.7839999999999
3170,1988,9,6,1368.174
3171,1988,9,7,1368.1029999999998
3172,1988,9,8,1367.9479999999999
3173,1988,9,9,1367.9489999999998
3174,1988,9,10,1367.924
3175,1988,9,11,1367.818
3176,1988,9,12,1367.83
3177,1988,9,13,1367.859
3178,1988,9,14,1367.796
3179,1988,9,15,1367.7279999999998
3180,1988,9,16,1367.745
3181,1988,9,17,1367.747
3182,1988,9,18,1367.789
3183,1988,9,19,1367.7620000000002
3184,1988,9,20,1367.85
3185,1988,9,21,1367.902
3186,1988,9,22,1367.849
3187,1988,9,23,1367.786
3188,1988,9,24,1368.014
3189,1988,9,25,1368.13
3190,1988,9,26,1368.1170000000002
3191,1988,9,27,1368.1270000000002
3192,1988,9,28,1368.15
3193,1988,9,29,1368.101
3194,1988,9,30,1367.876
3195,1988,10,1,1367.8210000000001
3196,1988,10,2,1367.754
3197,1988,10,3,1367.881
3198,1988,10,4,1367.57
3199,1988,10,5,1367.463
3200,1988,10,6,1367.1779999999999
3201,1988,10,7,1366.91
3202,1988,10,8,1366.7620000000002
3203,1988,10,9,1366.832
3204,1988,10,10,1367.035
3205,1988,10,11,1367.3570000000002
3206,1988,10,12,1367.797
3207,1988,10,13,1368.01
3208,1988,10,14,1368.01
3209,1988,10,15,1368.0120000000002
3210,1988,10,16,1367.943
3211,1988,10,17,1368.1129999999998
3212,1988,10,18,1367.85
3213,1988,10,19,1367.8670000000002
3214,1988,10,20,1367.651
3215,1988,10,21,1367.58
3216,1988,10,22,1367.344
3217,1988,10,23,1367.148
3218,1988,10,24,1367.0379999999998
3219,1988,10,25,1367.141
3220,1988,10,26,1367.454
3221,1988,10,27,1367.8020000000001
3222,1988,10,28,1367.8270000000002
3223,1988,10,29,1368.256
3224,1988,10,30,1368.276
3225,1988,10,31,1367.967
3226,1988,11,1,1367.808
3227,1988,11,2,1367.558
3228,1988,11,3,1367.158
3229,1988,11,4,1366.724
3230,1988,11,5,1366.547
3231,1988,11,6,1366.693
3232,1988,11,7,1367.067
3233,1988,11,8,1367.1789999999999
3234,1988,11,9,1367.435
3235,1988,11,10,1367.644
3236,1988,11,11,1367.626
3237,1988,11,12,1367.8029999999999
3238,1988,11,13,1367.682
3239,1988,11,14,1367.4589999999998
3240,1988,11,15,1367.588
3241,1988,11,16,1367.557
3242,1988,11,17,1367.629
3243,1988,11,18,1367.6670000000001
3244,1988,11,19,1367.682
3245,1988,11,20,1367.8239999999998
3246,1988,11,21,1367.9370000000001
3247,1988,11,22,1367.855
3248,1988,11,23,1368.009
3249,1988,11,24,1368.0839999999998
3250,1988,11,25,1368.2479999999998
3251,1988,11,26,1368.1470000000002
3252,1988,11,27,1368.0379999999998
3253,1988,11,28,1367.977
3254,1988,11,29,1367.816
3255,1988,11,30,1367.79
3256,1988,12,1,1367.604
3257,1988,12,2,1367.5620000000001
3258,1988,12,3,1367.543
3259,1988,12,4,1367.8029999999999
3260,1988,12,5,1368.174
3261,1988,12,6,1368.305
3262,1988,12,7,1368.388
3263,1988,12,8,1368.46
3264,1988,12,9,
3265,1988,12,10,1368.4370000000001
3266,1988,12,11,1368.263
3267,1988,12,12,1368.213
3268,1988,12,13,1367.884
3269,1988,12,14,1367.793
3270,1988,12,15,1367.474
3271,1988,12,16,1367.0620000000001
3272,1988,12,17,1366.825
3273,1988,12,18,1366.6029999999998
3274,1988,12,19,1366.4129999999998
3275,1988,12,20,1366.431
3276,1988,12,21,1366.5379999999998
3277,1988,12,22,1366.826
3278,1988,12,23,1366.967
3279,1988,12,24,1367.236
3280,1988,12,25,1367.39
3281,1988,12,26,1367.1979999999999
3282,1988,12,27,1366.7910000000002
3283,1988,12,28,1366.815
3284,1988,12,29,1367.01
3285,1988,12,30,1367.431
3286,1988,12,31,1367.651
3287,1989,1,1,1367.8310000000001
3288,1989,1,2,1368.021
3289,1989,1,3,1367.996
3290,1989,1,4,1367.93
3291,1989,1,5,1367.942
3292,1989,1,6,1367.967
3293,1989,1,7,1367.984
3294,1989,1,8,1367.77
3295,1989,1,9,1367.595
3296,1989,1,10,1367.579
3297,1989,1,11,1367.809
3298,1989,1,12,1367.795
3299,1989,1,13,1367.7379999999998
3300,1989,1,14,1367.475
3301,1989,1,15,1366.995
3302,1989,1,16,1366.631
3303,1989,1,17,1366.756
3304,1989,1,18,1367.267
3305,1989,1,19,1367.9089999999999
3306,1989,1,20,1368.316
3307,1989,1,21,1368.7120000000002
3308,1989,1,22,1368.7320000000002
3309,1989,1,23,1368.247
3310,1989,1,24,
3311,1989,1,25,1367.215
3312,1989,1,26,1366.9660000000001
3313,1989,1,27,1367.285
3314,1989,1,28,1367.296
3315,1989,1,29,1367.378
3316,1989,1,30,1367.8110000000001
3317,1989,1,31,1368.132
3318,1989,2,1,1368.339
3319,1989,2,2,1368.287
3320,1989,2,3,1368.3220000000001
3321,1989,2,4,1368.483
3322,1989,2,5,1368.717
3323,1989,2,6,1368.8270000000002
3324,1989,2,7,1368.901
3325,1989,2,8,1368.69
3326,1989,2,9,1368.411
3327,1989,2,10,1367.9479999999999
3328,1989,2,11,1367.769
3329,1989,2,12,1367.703
3330,1989,2,13,1367.769
3331,1989,2,14,1367.5839999999998
3332,1989,2,15,1367.747
3333,1989,2,16,1368.1229999999998
3334,1989,2,17,1368.236
3335,1989,2,18,1368.608
3336,1989,2,19,1368.7379999999998
3337,1989,2,20,1368.453
3338,1989,2,21,1367.767
3339,1989,2,22,1367.4
3340,1989,2,23,1367.239
3341,1989,2,24,1367.286
3342,1989,2,25,1367.8570000000002
3343,1989,2,26,1369.0079999999998
3344,1989,2,27,1368.277
3345,1989,2,28,1368.279
3346,1989,3,1,1368.101
3347,1989,3,2,1368.026
3348,1989,3,3,1367.743
3349,1989,3,4,1367.985
3350,1989,3,5,1368.181
3351,1989,3,6,1368.453
3352,1989,3,7,1368.547
3353,1989,3,8,1368.3770000000002
3354,1989,3,9,1367.987
3355,1989,3,10,1367.4920000000002
3356,1989,3,11,1367.0870000000002
3357,1989,3,12,1366.493
3358,1989,3,13,1366.505
3359,1989,3,14,1366.88
3360,1989,3,15,1367.381
3361,1989,3,16,1367.8929999999998
3362,1989,3,17,1368.3829999999998
3363,1989,3,18,1368.754
3364,1989,3,19,1368.6889999999999
3365,1989,3,20,1368.231
3366,1989,3,21,1367.9089999999999
3367,1989,3,22,1367.4460000000001
3368,1989,3,23,1367.63
3369,1989,3,24,
3370,1989,3,25,1367.9229999999998
3371,1989,3,26,1368.0279999999998
3372,1989,3,27,1367.9920000000002
3373,1989,3,28,1367.8470000000002
3374,1989,3,29,1367.9389999999999
3375,1989,3,30,1368.005
3376,1989,3,31,1367.986
3377,1989,4,1,1367.9370000000001
3378,1989,4,2,1367.889
3379,1989,4,3,1367.559
3380,1989,4,4,1367.639
3381,1989,4,5,1367.761
3382,1989,4,6,1367.942
3383,1989,4,7,1368.191
3384,1989,4,8,1368.3229999999999
3385,1989,4,9,1368.787
3386,1989,4,10,1369.162
3387,1989,4,11,1369.33
3388,1989,4,12,1369.4289999999999
3389,1989,4,13,1369.33
3390,1989,4,14,1368.91
3391,1989,4,15,1368.338
3392,1989,4,16,1367.901
3393,1989,4,17,1367.559
3394,1989,4,18,1367.398
3395,1989,4,19,1367.366
3396,1989,4,20,1367.549
3397,1989,4,21,1367.5829999999999
3398,1989,4,22,1367.749
3399,1989,4,23,1367.649
3400,1989,4,24,1367.605
3401,1989,4,25,1367.5479999999998
3402,1989,4,26,1367.78
3403,1989,4,27,1367.6670000000001
3404,1989,4,28,1367.951
3405,1989,4,29,1367.977
3406,1989,4,30,1367.986
3407,1989,5,1,1367.955
3408,1989,5,2,1367.9
3409,1989,5,3,1367.9229999999998
3410,1989,5,4,1367.925
3411,1989,5,5,1368.0379999999998
3412,1989,5,6,1368.2479999999998
3413,1989,5,7,1368.545
3414,1989,5,8,1368.753
3415,1989,5,9,1368.945
3416,1989,5,10,1369.125
3417,1989,5,11,1369.111
3418,1989,5,12,1369.7089999999998
3419,1989,5,13,1369.04
3420,1989,5,14,1368.9070000000002
3421,1989,5,15,1368.711
3422,1989,5,16,1368.5520000000001
3423,1989,5,17,1368.399
3424,1989,5,18,1368.345
3425,1989,5,19,1368.255
3426,1989,5,20,1367.78
3427,1989,5,21,1367.289
3428,1989,5,22,1367.888
3429,1989,5,23,1367.681
3430,1989,5,24,1367.719
3431,1989,5,25,1367.649
3432,1989,5,26,1367.595
3433,1989,5,27,1367.638
3434,1989,5,28,1367.65
3435,1989,5,29,1367.729
3436,1989,5,30,1367.588
3437,1989,5,31,1367.543
3438,1989,6,1,1367.714
3439,1989,6,2,
3440,1989,6,3,
3441,1989,6,4,
3442,1989,6,5,
3443,1989,6,6,
3444,1989,6,7,
3445,1989,6,8,
3446,1989,6,9,
3447,1989,6,10,
3448,1989,6,11,
3449,1989,6,12,
3450,1989,6,13,
3451,1989,6,14,
3452,1989,6,15,
3453,1989,6,16,
3454,1989,6,17,
3455,1989,6,18,
3456,1989,6,19,
3457,1989,6,20,
3458,1989,6,21,
3459,1989,6,22,
3460,1989,6,23,
3461,1989,6,24,
3462,1989,6,25,
3463,1989,6,26,
3464,1989,6,27,
3465,1989,6,28,
3466,1989,6,29,
3467,1989,6,30,
3468,1989,7,1,
3469,1989,7,2,
3470,1989,7,3,
3471,1989,7,4,
3472,1989,7,5,
3473,1989,7,6,
3474,1989,7,7,
3475,1989,7,8,
3476,1989,7,9,
3477,1989,7,10,
3478,1989,7,11,
3479,1989,7,12,
3480,1989,7,13,
3481,1989,7,14,
3482,1989,7,15,
3483,1989,7,16,
3484,1989,7,17,
3485,1989,7,18,
3486,1989,7,19,
3487,1989,7,20,
3488,1989,7,21,
3489,1989,7,22,
3490,1989,7,23,
3491,1989,7,24,
3492,1989,7,25,
3493,1989,7,26,
3494,1989,7,27,
3495,1989,7,28,
3496,1989,7,29,
3497,1989,7,30,
3498,1989,7,31,
3499,1989,8,1,
3500,1989,8,2,
3501,1989,8,3,
3502,1989,8,4,
3503,1989,8,5,
3504,1989,8,6,
3505,1989,8,7,
3506,1989,8,8,
3507,1989,8,9,
3508,1989,8,10,
3509,1989,8,11,
3510,1989,8,12,
3511,1989,8,13,
3512,1989,8,14,
3513,1989,8,15,
3514,1989,8,16,
3515,1989,8,17,
3516,1989,8,18,
3517,1989,8,19,
3518,1989,8,20,
3519,1989,8,21,
3520,1989,8,22,
3521,1989,8,23,
3522,1989,8,24,
3523,1989,8,25,
3524,1989,8,26,
3525,1989,8,27,
3526,1989,8,28,
3527,1989,8,29,
3528,1989,8,30,
3529,1989,8,31,
3530,1989,9,1,
3531,1989,9,2,
3532,1989,9,3,
3533,1989,9,4,
3534,1989,9,5,
3535,1989,9,6,
3536,1989,9,7,
3537,1989,9,8,
3538,1989,9,9,
3539,1989,9,10,
3540,1989,9,11,
3541,1989,9,12,
3542,1989,9,13,
3543,1989,9,14,
3544,1989,9,15,
3545,1989,9,16,
3546,1989,9,17,
3547,1989,9,18,
3548,1989,9,19,
3549,1989,9,20,
3550,1989,9,21,
3551,1989,9,22,
3552,1989,9,23,
3553,1989,9,24,
3554,1989,9,25,
3555,1989,9,26,
3556,1989,9,27,
3557,1989,9,28,
3558,1989,9,29,
3559,1989,9,30,
3560,1989,10,1,
3561,1989,10,2,
3562,1989,10,3,
3563,1989,10,4,
3564,1989,10,5,
3565,1989,10,6,
3566,1989,10,7,
3567,1989,10,8,
3568,1989,10,9,
3569,1989,10,10,
3570,1989,10,11,
3571,1989,10,12,
3572,1989,10,13,
3573,1989,10,14,
3574,1989,10,15,
3575,1989,10,16,
3576,1989,10,17,
3577,1989,10,18,
3578,1989,10,19,
3579,1989,10,20,
3580,1989,10,21,
3581,1989,10,22,
3582,1989,10,23,
3583,1989,10,24,
3584,1989,10,25,
3585,1989,10,26,
3586,1989,10,27,
3587,1989,10,28,
3588,1989,10,29,
3589,1989,10,30,
3590,1989,10,31,
3591,1989,11,1,
3592,1989,11,2,
3593,1989,11,3,
3594,1989,11,4,
3595,1989,11,5,
3596,1989,11,6,
3597,1989,11,7,
3598,1989,11,8,
3599,1989,11,9,
3600,1989,11,10,
3601,1989,11,11,
3602,1989,11,12,
3603,1989,11,13,
3604,1989,11,14,
3605,1989,11,15,
3606,1989,11,16,
3607,1989,11,17,
3608,1989,11,18,
3609,1989,11,19,
3610,1989,11,20,
3611,1989,11,21,
3612,1989,11,22,
3613,1989,11,23,
3614,1989,11,24,
3615,1989,11,25,
3616,1989,11,26,
3617,1989,11,27,
3618,1989,11,28,
3619,1989,11,29,
3620,1989,11,30,
3621,1989,12,1,
3622,1989,12,2,
3623,1989,12,3,
3624,1989,12,4,
3625,1989,12,5,
3626,1989,12,6,
3627,1989,12,7,
3628,1989,12,8,
3629,1989,12,9,
3630,1989,12,10,
3631,1989,12,11,
3632,1989,12,12,
3633,1989,12,13,
3634,1989,12,14,
3635,1989,12,15,
3636,1989,12,16,
3637,1989,12,17,
3638,1989,12,18,
3639,1989,12,19,
3640,1989,12,20,
3641,1989,12,21,
3642,1989,12,22,
3643,1989,12,23,
3644,1989,12,24,
3645,1989,12,25,
3646,1989,12,26,
3647,1989,12,27,
3648,1989,12,28,
3649,1989,12,29,
3650,1989,12,30,
3651,1989,12,31,
