1980,1,1,
1980,1,2,
1980,1,3,
1980,1,4,
1980,1,5,
1980,1,6,
1980,1,7,
1980,1,8,
1980,1,9,
1980,1,10,
1980,1,11,
1980,1,12,
1980,1,13,
1980,1,14,
1980,1,15,
1980,1,16,
1980,1,17,
1980,1,18,
1980,1,19,
1980,1,20,
1980,1,21,
1980,1,22,
1980,1,23,
1980,1,24,
1980,1,25,
1980,1,26,
1980,1,27,
1980,1,28,
1980,1,29,
1980,1,30,
1980,1,31,
1980,2,1,
1980,2,2,
1980,2,3,
1980,2,4,
1980,2,5,
1980,2,6,
1980,2,7,
1980,2,8,
1980,2,9,
1980,2,10,
1980,2,11,
1980,2,12,
1980,2,13,
1980,2,14,
1980,2,15,
1980,2,16,1367.776
1980,2,17,1367.898
1980,2,18,1368.06
1980,2,19,
1980,2,20,1368.202
1980,2,21,1368.383
1980,2,22,1368.305
1980,2,23,1368.227
1980,2,24,1367.995
1980,2,25,1367.973
1980,2,26,1368.293
1980,2,27,1368.5
1980,2,28,1368.798
1980,2,29,1368.984
1980,3,1,1368.997
1980,3,2,1368.768
1980,3,3,1368.807
1980,3,4,1368.819
1980,3,5,1368.801
1980,3,6,1368.612
1980,3,7,1368.617
1980,3,8,1368.594
1980,3,9,1368.427
1980,3,10,1368.651
1980,3,11,1368.608
1980,3,12,1368.808
1980,3,13,1368.756
1980,3,14,1368.829
1980,3,15,1368.662
1980,3,16,1368.782
1980,3,17,1368.85
1980,3,18,1368.911
1980,3,19,1368.897
1980,3,20,1368.853
1980,3,21,1368.645
1980,3,22,1368.714
1980,3,23,1368.73
1980,3,24,1368.69
1980,3,25,1369.046
1980,3,26,1369.096
1980,3,27,1369.112
1980,3,28,1369.042
1980,3,29,1368.905
1980,3,30,1368.597
1980,3,31,1368.428
1980,4,1,1368.61
1980,4,2,1368.672
1980,4,3,1368.723
1980,4,4,1368.61
1980,4,5,1368.174
1980,4,6,1367.396
1980,4,7,1366.664
1980,4,8,1366.331
1980,4,9,1366.528
1980,4,10,1366.837
1980,4,11,
1980,4,12,1367.186
1980,4,13,1367.521
1980,4,14,1367.736
1980,4,15,1368.15
1980,4,16,1368.521
1980,4,17,1368.966
1980,4,18,1369.171
1980,4,19,1369.299
1980,4,20,1369.216
1980,4,21,1368.828
1980,4,22,1368.428
1980,4,23,1368.331
1980,4,24,1368.311
1980,4,25,1368.494
1980,4,26,1368.628
1980,4,27,1368.708
1980,4,28,1368.774
1980,4,29,1368.655
1980,4,30,1368.577
1980,5,1,1368.305
1980,5,2,1368.303
1980,5,3,1367.741
1980,5,4,1367.889
1980,5,5,1368.229
1980,5,6,1368.467
1980,5,7,1368.737
1980,5,8,1368.926
1980,5,9,1369.083
1980,5,10,1368.96
1980,5,11,
1980,5,12,1368.428
1980,5,13,1368.354
1980,5,14,1368.268
1980,5,15,1368.802
1980,5,16,1368.886
1980,5,17,1368.725
1980,5,18,1368.67
1980,5,19,1368.562
1980,5,20,1368.389
1980,5,21,1368.197
1980,5,22,1367.909
1980,5,23,1367.592
1980,5,24,1367.322
1980,5,25,1367.219
1980,5,26,1367.24
1980,5,27,1367.449
1980,5,28,1367.673
1980,5,29,1367.971
1980,5,30,1368.339
1980,5,31,1368.465
1980,6,1,1368.385
1980,6,2,1368.269
1980,6,3,1368.297
1980,6,4,1368.358
1980,6,5,1368.472
1980,6,6,1368.496
1980,6,7,1368.506
1980,6,8,1368.55
1980,6,9,1368.726
1980,6,10,1368.569
1980,6,11,1368.631
1980,6,12,1368.516
1980,6,13,1368.539
1980,6,14,1368.484
1980,6,15,1368.365
1980,6,16,1368.467
1980,6,17,1368.67
1980,6,18,1368.957
1980,6,19,1369.074
1980,6,20,1368.923
1980,6,21,1368.683
1980,6,22,1368.389
1980,6,23,1368.143
1980,6,24,1368.11
1980,6,25,1368.223
1980,6,26,1368.375
1980,6,27,1368.519
1980,6,28,1368.619
1980,6,29,1368.476
1980,6,30,1368.347
1980,7,1,1368.466
1980,7,2,1368.553
1980,7,3,1368.415
1980,7,4,1368.306
1980,7,5,1368.284
1980,7,6,1368.41
1980,7,7,1368.407
1980,7,8,1368.341
1980,7,9,
1980,7,10,1368.343
1980,7,11,1368.303
1980,7,12,1368.152
1980,7,13,1367.95
1980,7,14,1367.935
1980,7,15,1368.182
1980,7,16,1368.166
1980,7,17,1368.126
1980,7,18,1368.05
1980,7,19,1368.022
1980,7,20,1368.198
1980,7,21,1368.205
1980,7,22,1368.336
1980,7,23,1368.618
1980,7,24,1368.781
1980,7,25,1369.38
1980,7,26,1369.488
1980,7,27,1369.324
1980,7,28,1369.12
1980,7,29,1369.146
1980,7,30,
1980,7,31,1368.583
1980,8,1,1368.501
1980,8,2,1368.465
1980,8,3,1368.611
1980,8,4,1368.678
1980,8,5,1368.667
1980,8,6,1368.581
1980,8,7,1368.546
1980,8,8,1368.49
1980,8,9,1368.549
1980,8,10,1368.607
1980,8,11,1368.662
1980,8,12,1368.857
1980,8,13,1368.817
1980,8,14,1368.873
1980,8,15,1369.144
1980,8,16,1369.05
1980,8,17,1368.762
1980,8,18,1368.625
1980,8,19,1368.599
1980,8,20,1368.407
1980,8,21,1368.478
1980,8,22,1368.646
1980,8,23,1368.579
1980,8,24,1368.422
1980,8,25,1368.36
1980,8,26,1368.285
1980,8,27,1368.276
1980,8,28,1368.141
1980,8,29,1368.128
1980,8,30,1367.721
1980,8,31,1367.203
1980,9,1,1367.057
1980,9,2,
1980,9,3,1366.63
1980,9,4,1366.642
1980,9,5,1367.196
1980,9,6,1367.828
1980,9,7,1368.339
1980,9,8,1368.744
1980,9,9,1369.052
1980,9,10,1368.934
1980,9,11,1369.032
1980,9,12,1368.921
1980,9,13,1368.753
1980,9,14,1368.621
1980,9,15,1368.461
1980,9,16,1368.557
1980,9,17,1368.647
1980,9,18,1368.625
1980,9,19,1368.79
1980,9,20,1368.572
1980,9,21,1368.417
1980,9,22,1368.278
1980,9,23,1367.896
1980,9,24,1367.994
1980,9,25,1368.119
1980,9,26,1368.563
1980,9,27,1368.809
1980,9,28,1368.734
1980,9,29,1368.492
1980,9,30,1368.609
1980,10,1,1368.472
1980,10,2,1368.691
1980,10,3,1368.904
1980,10,4,1368.936
1980,10,5,1368.781
1980,10,6,1368.887
1980,10,7,1368.885
1980,10,8,1368.835
1980,10,9,1368.369
1980,10,10,1368.072
1980,10,11,1367.485
1980,10,12,1367.336
1980,10,13,1367.327
1980,10,14,1367.433
1980,10,15,1368.208
1980,10,16,1368.729
1980,10,17,1369.026
1980,10,18,1368.93
1980,10,19,1368.514
1980,10,20,1368.061
1980,10,21,1367.84
1980,10,22,1367.503
1980,10,23,1367.545
1980,10,24,1367.814
1980,10,25,1368.312
1980,10,26,1368.322
1980,10,27,1368.515
1980,10,28,1368.571
1980,10,29,1368.515
1980,10,30,1368.577
1980,10,31,1368.219
1980,11,1,1368.247
1980,11,2,1368.136
1980,11,3,1367.784
1980,11,4,1367.443
1980,11,5,1367.185
1980,11,6,1366.953
1980,11,7,1366.838
1980,11,8,1366.644
1980,11,9,1366.72
1980,11,10,1366.836
1980,11,11,1366.852
1980,11,12,1367.072
1980,11,13,1367.245
1980,11,14,
1980,11,15,
1980,11,16,
1980,11,17,
1980,11,18,1368.051
1980,11,19,1368.203
1980,11,20,1368.213
1980,11,21,1368.442
1980,11,22,1368.568
1980,11,23,
1980,11,24,
1980,11,25,
1980,11,26,
1980,11,27,
1980,11,28,
1980,11,29,
1980,11,30,
1980,12,1,1368.389
1980,12,2,1368.078
1980,12,3,1368.357
1980,12,4,1368.777
1980,12,5,1368.79
1980,12,6,1368.867
1980,12,7,1369.14
1980,12,8,1369.232
1980,12,9,1369.238
1980,12,10,1368.673
1980,12,11,1368.596
1980,12,12,
1980,12,13,
1980,12,14,
1980,12,15,1367.638
1980,12,16,1365.609
1980,12,17,1366.5
1980,12,18,1366.26
1980,12,19,1366.422
1980,12,20,
1980,12,21,1366.225
1980,12,22,1365.267
1980,12,23,1366.567
1980,12,24,1367.565
1980,12,25,1368.187
1980,12,26,
1980,12,27,1368.023
1980,12,28,1367.658
1980,12,29,1367.576
1980,12,30,1368.067
1980,12,31,1368.189
1981,1,1,1368.489
1981,1,2,1368.924
1981,1,3,1368.161
1981,1,4,1369.102
1981,1,5,1368.205
1981,1,6,1369.178
1981,1,7,1369.491
1981,1,8,
1981,1,9,
1981,1,10,1369.526
1981,1,11,1369.3
1981,1,12,
1981,1,13,
1981,1,14,1368.863
1981,1,15,
1981,1,16,1368.125
1981,1,17,1369.408
1981,1,18,1369.255
1981,1,19,1368.905
1981,1,20,1368.054
1981,1,21,1368.763
1981,1,22,1369.171
1981,1,23,1368.898
1981,1,24,
1981,1,25,1368.311
1981,1,26,1368.875
1981,1,27,1368.566
1981,1,28,1368.82
1981,1,29,1368.862
1981,1,30,1368.369
1981,1,31,
1981,2,1,
1981,2,2,1367.668
1981,2,3,1367.827
1981,2,4,1368.468
1981,2,5,1368.45
1981,2,6,1366.387
1981,2,7,1367.985
1981,2,8,1367.839
1981,2,9,1368.043
1981,2,10,1367.793
1981,2,11,1368.162
1981,2,12,1367.886
1981,2,13,1368.221
1981,2,14,1367.703
1981,2,15,1367.959
1981,2,16,1367.587
1981,2,17,1367.958
1981,2,18,1367.407
1981,2,19,1368.339
1981,2,20,1368.314
1981,2,21,1368.469
1981,2,22,1367.659
1981,2,23,1367.519
1981,2,24,1368.524
1981,2,25,1367.85
1981,2,26,1367.245
1981,2,27,1367.861
1981,2,28,1367.613
1981,3,1,1367.582
1981,3,2,1368.214
1981,3,3,1368.107
1981,3,4,1367.885
1981,3,5,1368.397
1981,3,6,1367.959
1981,3,7,1367.621
1981,3,8,1367.712
1981,3,9,1368.027
1981,3,10,1368.033
1981,3,11,1368.103
1981,3,12,1368.259
1981,3,13,1368.449
1981,3,14,1368.235
1981,3,15,1367.275
1981,3,16,1368.016
1981,3,17,1368.237
1981,3,18,1368.489
1981,3,19,1367.881
1981,3,20,1368.024
1981,3,21,1367.301
1981,3,22,1367.543
1981,3,23,1368.042
1981,3,24,1368.158
1981,3,25,1367.703
1981,3,26,1368.074
1981,3,27,1367.945
1981,3,28,1367.853
1981,3,29,1368.159
1981,3,30,1368.263
1981,3,31,1368.702
1981,4,1,1368.503
1981,4,2,1368.82
1981,4,3,1368.889
1981,4,4,1368.862
1981,4,5,1368.75
1981,4,6,1368.131
1981,4,7,1368.078
1981,4,8,1367.926
1981,4,9,1367.912
1981,4,10,1367.237
1981,4,11,1367.552
1981,4,12,1366.721
1981,4,13,1366.768
1981,4,14,1367.318
1981,4,15,1367.864
1981,4,16,1368.177
1981,4,17,1367.315
1981,4,18,1367.439
1981,4,19,1368.099
1981,4,20,1368.068
1981,4,21,1368.189
1981,4,22,1368.144
1981,4,23,1367.572
1981,4,24,1367.883
1981,4,25,1368.367
1981,4,26,1368.704
1981,4,27,1368.489
1981,4,28,1368.331
1981,4,29,1368.344
1981,4,30,1368.573
1981,5,1,1368.271
1981,5,2,1369.053
1981,5,3,1368.603
1981,5,4,1368.032
1981,5,5,1367.955
1981,5,6,1367.417
1981,5,7,1367.968
1981,5,8,1367.908
1981,5,9,1368.163
1981,5,10,1368.061
1981,5,11,1367.479
1981,5,12,
1981,5,13,1367.934
1981,5,14,1368.492
1981,5,15,1367.591
1981,5,16,
1981,5,17,
1981,5,18,1367.91
1981,5,19,
1981,5,20,1367.093
1981,5,21,
1981,5,22,1368.148
1981,5,23,1367.932
1981,5,24,
1981,5,25,1368.841
1981,5,26,1368.268
1981,5,27,1367.978
1981,5,28,1368.019
1981,5,29,1368.391
1981,5,30,1368.497
1981,5,31,1367.735
1981,6,1,1368.092
1981,6,2,1367.193
1981,6,3,1368.056
1981,6,4,1368.731
1981,6,5,1368.192
1981,6,6,
1981,6,7,1368.274
1981,6,8,1368.144
1981,6,9,1368.487
1981,6,10,1367.948
1981,6,11,1368.026
1981,6,12,1367.871
1981,6,13,1368.055
1981,6,14,1367.839
1981,6,15,1367.602
1981,6,16,1367.579
1981,6,17,1367.501
1981,6,18,1367.854
1981,6,19,1368.194
1981,6,20,1368.396
1981,6,21,1368.017
1981,6,22,1368.1
1981,6,23,1367.907
1981,6,24,1367.569
1981,6,25,1367.545
1981,6,26,1367.952
1981,6,27,1367.285
1981,6,28,1367.418
1981,6,29,1367.504
1981,6,30,1367.491
1981,7,1,1367.102
1981,7,2,1366.765
1981,7,3,1367.665
1981,7,4,1367.889
1981,7,5,1368.438
1981,7,6,1368.377
1981,7,7,1367.97
1981,7,8,1367.852
1981,7,9,1368.068
1981,7,10,1368.184
1981,7,11,1367.758
1981,7,12,1368.14
1981,7,13,1367.729
1981,7,14,1367.747
1981,7,15,1367.851
1981,7,16,1367.392
1981,7,17,1367.743
1981,7,18,1366.146
1981,7,19,1367.417
1981,7,20,1366.996
1981,7,21,1367.106
1981,7,22,1366.04
1981,7,23,1365.339
1981,7,24,1365.113
1981,7,25,1364.933
1981,7,26,1365.176
1981,7,27,
1981,7,28,
1981,7,29,
1981,7,30,
1981,7,31,
1981,8,1,1367.35
1981,8,2,1367.55
1981,8,3,1367.484
1981,8,4,1367.152
1981,8,5,1367.201
1981,8,6,1367.113
1981,8,7,1366.937
1981,8,8,1366.719
1981,8,9,1366.747
1981,8,10,1367.117
1981,8,11,1367.064
1981,8,12,1367.905
1981,8,13,1368.429
1981,8,14,1368.524
1981,8,15,1367.903
1981,8,16,1367.743
1981,8,17,1367.466
1981,8,18,1367.607
1981,8,19,1366.911
1981,8,20,1367.334
1981,8,21,1367.987
1981,8,22,1367.786
1981,8,23,1367.472
1981,8,24,1367.484
1981,8,25,1367.556
1981,8,26,1367.213
1981,8,27,1367.335
1981,8,28,1367.977
1981,8,29,1367.986
1981,8,30,1368.277
1981,8,31,1368.152
1981,9,1,1368.489
1981,9,2,1368.385
1981,9,3,1368.26
1981,9,4,1367.888
1981,9,5,1367.702
1981,9,6,1367.017
1981,9,7,1367.136
1981,9,8,1365.404
1981,9,9,1367.49
1981,9,10,1367.928
1981,9,11,
1981,9,12,1367.433
1981,9,13,
1981,9,14,1368.05
1981,9,15,1368.315
1981,9,16,1368.03
1981,9,17,1368.184
1981,9,18,1367.617
1981,9,19,1367.62
1981,9,20,1368.196
1981,9,21,1368.467
1981,9,22,1368.034
1981,9,23,1368.017
1981,9,24,1368.604
1981,9,25,1368.712
1981,9,26,1368.578
1981,9,27,1368.992
1981,9,28,1368.231
1981,9,29,1367.952
1981,9,30,1368.177
1981,10,1,1368.529
1981,10,2,1368.417
1981,10,3,1368.679
1981,10,4,1368.381
1981,10,5,1368.443
1981,10,6,1366.983
1981,10,7,1367.861
1981,10,8,1368.263
1981,10,9,1368.051
1981,10,10,1368.072
1981,10,11,1367.463
1981,10,12,1367.012
1981,10,13,1366.559
1981,10,14,1366.105
1981,10,15,1366.193
1981,10,16,1366.088
1981,10,17,1366.062
1981,10,18,1366.382
1981,10,19,1366.723
1981,10,20,1367.217
1981,10,21,1367.863
1981,10,22,1368.532
1981,10,23,1368.58
1981,10,24,1368.468
1981,10,25,1368.551
1981,10,26,1368.833
1981,10,27,1368.711
1981,10,28,1368.987
1981,10,29,1368.719
1981,10,30,1368.664
1981,10,31,1368.445
1981,11,1,1367.731
1981,11,2,1367.425
1981,11,3,1367.226
1981,11,4,1367.083
1981,11,5,1367.671
1981,11,6,1368.105
1981,11,7,1368.164
1981,11,8,1368.385
1981,11,9,1368.504
1981,11,10,1367.516
1981,11,11,1368.06
1981,11,12,1367.753
1981,11,13,1367.354
1981,11,14,1368.042
1981,11,15,1368.298
1981,11,16,1368.541
1981,11,17,1368.702
1981,11,18,1368.04
1981,11,19,1368.052
1981,11,20,1368.233
1981,11,21,1368.34
1981,11,22,1368.157
1981,11,23,1368.733
1981,11,24,1369.172
1981,11,25,1367.938
1981,11,26,1368.286
1981,11,27,1368.499
1981,11,28,1368.488
1981,11,29,1367.845
1981,11,30,1368.067
1981,12,1,1368.529
1981,12,2,1368.523
1981,12,3,1368.778
1981,12,4,
1981,12,5,
1981,12,6,1368.471
1981,12,7,1367.397
1981,12,8,1367.168
1981,12,9,1366.42
1981,12,10,1366.771
1981,12,11,1367.485
1981,12,12,1367.768
1981,12,13,1368.161
1981,12,14,1368.402
1981,12,15,1368.315
1981,12,16,1368.281
1981,12,17,1367.925
1981,12,18,1368.346
1981,12,19,1368.267
1981,12,20,1368.146
1981,12,21,1368.138
1981,12,22,1368.524
1981,12,23,1368.151
1981,12,24,1367.881
1981,12,25,1368.038
1981,12,26,1367.97
1981,12,27,1368.03
1981,12,28,1368.334
1981,12,29,
1981,12,30,
1981,12,31,
1982,1,1,1368.741
1982,1,2,1368.455
1982,1,3,1368.446
1982,1,4,1368.714
1982,1,5,1368.447
1982,1,6,1368.631
1982,1,7,1368.635
1982,1,8,1368.201
1982,1,9,1368.586
1982,1,10,1368.069
1982,1,11,1368.537
1982,1,12,1368.627
1982,1,13,1367.982
1982,1,14,1368.283
1982,1,15,1367.786
1982,1,16,1367.833
1982,1,17,1368.075
1982,1,18,1368.105
1982,1,19,1368.451
1982,1,20,1368.702
1982,1,21,1368.676
1982,1,22,1368.601
1982,1,23,1368.876
1982,1,24,1368.499
1982,1,25,1368.779
1982,1,26,1368.727
1982,1,27,1368.781
1982,1,28,1368.275
1982,1,29,1366.916
1982,1,30,1366.659
1982,1,31,1365.715
1982,2,1,1366.724
1982,2,2,1366.918
1982,2,3,1367.512
1982,2,4,1367.505
1982,2,5,1367.932
1982,2,6,1367.473
1982,2,7,1366.925
1982,2,8,1366.109
1982,2,9,1366.34
1982,2,10,1365.54
1982,2,11,1365.872
1982,2,12,1366.535
1982,2,13,1366.808
1982,2,14,1367.104
1982,2,15,1367.349
1982,2,16,1367.187
1982,2,17,1366.567
1982,2,18,1367.266
1982,2,19,1366.849
1982,2,20,1367.492
1982,2,21,1367.661
1982,2,22,1367.881
1982,2,23,1368.216
1982,2,24,1368.275
1982,2,25,1368.344
1982,2,26,1368.459
1982,2,27,1368.161
1982,2,28,1367.639
1982,3,1,1367.087
1982,3,2,1366.742
1982,3,3,1367.676
1982,3,4,1367.705
1982,3,5,1367.579
1982,3,6,1368.08
1982,3,7,1368.225
1982,3,8,1368.347
1982,3,9,1368.221
1982,3,10,1368.244
1982,3,11,1368.031
1982,3,12,1367.932
1982,3,13,1367.887
1982,3,14,1367.707
1982,3,15,1365.411
1982,3,16,1364.479
1982,3,17,1364.982
1982,3,18,1364.846
1982,3,19,1365.938
1982,3,20,1366.704
1982,3,21,1367.109
1982,3,22,1367.453
1982,3,23,1367.306
1982,3,24,1366.819
1982,3,25,1366.977
1982,3,26,1366.863
1982,3,27,1366.792
1982,3,28,1366.757
1982,3,29,1367.412
1982,3,30,1367.578
1982,3,31,1367.554
1982,4,1,1368.3
1982,4,2,1368.382
1982,4,3,1368.586
1982,4,4,1368.272
1982,4,5,1368.057
1982,4,6,1368.041
1982,4,7,1368.245
1982,4,8,1368.504
1982,4,9,1368.043
1982,4,10,1367.837
1982,4,11,1367.487
1982,4,12,1367.479
1982,4,13,1367.401
1982,4,14,1367.292
1982,4,15,1367.878
1982,4,16,1367.824
1982,4,17,1367.761
1982,4,18,1368.03
1982,4,19,1367.571
1982,4,20,1367.493
1982,4,21,1367.712
1982,4,22,1367.979
1982,4,23,1367.264
1982,4,24,1367.244
1982,4,25,1367.162
1982,4,26,1367.51
1982,4,27,1367.917
1982,4,28,1368.704
1982,4,29,1368.567
1982,4,30,1368.156
1982,5,1,1367.915
1982,5,2,1367.984
1982,5,3,1367.793
1982,5,4,1367.825
1982,5,5,1367.55
1982,5,6,1367.567
1982,5,7,1367.39
1982,5,8,1367.52
1982,5,9,1367.906
1982,5,10,1367.335
1982,5,11,1368.059
1982,5,12,1368.187
1982,5,13,1368.013
1982,5,14,1367.664
1982,5,15,1367.585
1982,5,16,1367.565
1982,5,17,1367.492
1982,5,18,1367.448
1982,5,19,1367.717
1982,5,20,1367.824
1982,5,21,1367.728
1982,5,22,1367.636
1982,5,23,1368.209
1982,5,24,1368.102
1982,5,25,1368.43
1982,5,26,1367.948
1982,5,27,1367.979
1982,5,28,1368.015
1982,5,29,1367.628
1982,5,30,1367.955
1982,5,31,1367.756
1982,6,1,1368.404
1982,6,2,1368.009
1982,6,3,1367.615
1982,6,4,1368.008
1982,6,5,1367.638
1982,6,6,1366.732
1982,6,7,1366.628
1982,6,8,1366.11
1982,6,9,1366.627
1982,6,10,1366.71
1982,6,11,1367.032
1982,6,12,1367.184
1982,6,13,1366.756
1982,6,14,1366.469
1982,6,15,1366.232
1982,6,16,1366.275
1982,6,17,1365.551
1982,6,18,1365.483
1982,6,19,1366.277
1982,6,20,1365.936
1982,6,21,1366.56
1982,6,22,1366.771
1982,6,23,1367.311
1982,6,24,1367.399
1982,6,25,1367.674
1982,6,26,1368.178
1982,6,27,1369.076
1982,6,28,1367.665
1982,6,29,1367.307
1982,6,30,1367.926
1982,7,1,1367.786
1982,7,2,1368.223
1982,7,3,1368.835
1982,7,4,1368.257
1982,7,5,1367.858
1982,7,6,1368.241
1982,7,7,1368.311
1982,7,8,1367.228
1982,7,9,1367.916
1982,7,10,1367.642
1982,7,11,1367.216
1982,7,12,1366.826
1982,7,13,1366.621
1982,7,14,1366.1
1982,7,15,1366.433
1982,7,16,1366.053
1982,7,17,1366.418
1982,7,18,1367.305
1982,7,19,1368.355
1982,7,20,1368.82
1982,7,21,1368.402
1982,7,22,1368.606
1982,7,23,1368.354
1982,7,24,1367.873
1982,7,25,1367.785
1982,7,26,1367.802
1982,7,27,1367.887
1982,7,28,1367.472
1982,7,29,1367.607
1982,7,30,1367.604
1982,7,31,1367.972
1982,8,1,1368.375
1982,8,2,1367.971
1982,8,3,1367.784
1982,8,4,1367.563
1982,8,5,1367.27
1982,8,6,1367.475
1982,8,7,1367.275
1982,8,8,1367.107
1982,8,9,1367.479
1982,8,10,1367.477
1982,8,11,1367.868
1982,8,12,1368.138
1982,8,13,1368.166
1982,8,14,1368.132
1982,8,15,1367.641
1982,8,16,1367.459
1982,8,17,1368.163
1982,8,18,1367.193
1982,8,19,1367.479
1982,8,20,1366.92
1982,8,21,1367.47
1982,8,22,1366.953
1982,8,23,1367.133
1982,8,24,1367.034
1982,8,25,1366.882
1982,8,26,1366.669
1982,8,27,1366.98
1982,8,28,1367.302
1982,8,29,1367.395
1982,8,30,1367.842
1982,8,31,1367.972
1982,9,1,1368.286
1982,9,2,1368.076
1982,9,3,1367.832
1982,9,4,1367.998
1982,9,5,1367.973
1982,9,6,1368.549
1982,9,7,1368.438
1982,9,8,1368.375
1982,9,9,1368.405
1982,9,10,
1982,9,11,1368.355
1982,9,12,1368.061
1982,9,13,1368.137
1982,9,14,1367.779
1982,9,15,
1982,9,16,1367.404
1982,9,17,1367.812
1982,9,18,1367.082
1982,9,19,1367.722
1982,9,20,1366.974
1982,9,21,1367.96
1982,9,22,1367.939
1982,9,23,1368.422
1982,9,24,1367.6
1982,9,25,1367.864
1982,9,26,1368.353
1982,9,27,1367.716
1982,9,28,1367.255
1982,9,29,1367.332
1982,9,30,1367.498
1982,10,1,1367.401
1982,10,2,1367.743
1982,10,3,1368.276
1982,10,4,1368.801
1982,10,5,1368.883
1982,10,6,1368.552
1982,10,7,1368.423
1982,10,8,1368.177
1982,10,9,1368.029
1982,10,10,1368.181
1982,10,11,1368.177
1982,10,12,1368.117
1982,10,13,1367.668
1982,10,14,1367.702
1982,10,15,1367.695
1982,10,16,1367.554
1982,10,17,1367.779
1982,10,18,1367.686
1982,10,19,1367.63
1982,10,20,1368.088
1982,10,21,1368.016
1982,10,22,1368.007
1982,10,23,1368.517
1982,10,24,1367.891
1982,10,25,1367.949
1982,10,26,1367.987
1982,10,27,1367.88
1982,10,28,1368.685
1982,10,29,1368.602
1982,10,30,1368.515
1982,10,31,1368.01
1982,11,1,1368.784
1982,11,2,1369.317
1982,11,3,1368.406
1982,11,4,1368.813
1982,11,5,1368.436
1982,11,6,1367.737
1982,11,7,1368.362
1982,11,8,1368.501
1982,11,9,1368.205
1982,11,10,1368.347
1982,11,11,1367.712
1982,11,12,1367.31
1982,11,13,1366.953
1982,11,14,
1982,11,15,
1982,11,16,1367.703
1982,11,17,1367.468
1982,11,18,1368.042
1982,11,19,1367.438
1982,11,20,1367.688
1982,11,21,1368.458
1982,11,22,1367.018
1982,11,23,1367.045
1982,11,24,1367.314
1982,11,25,1368.045
1982,11,26,1368.127
1982,11,27,1368.311
1982,11,28,1367.981
1982,11,29,1367.595
1982,11,30,1367.092
1982,12,1,1367.789
1982,12,2,1367.347
1982,12,3,1367.323
1982,12,4,1367.278
1982,12,5,1367.146
1982,12,6,1367.58
1982,12,7,
1982,12,8,1368.193
1982,12,9,1367.812
1982,12,10,1367.907
1982,12,11,1367.605
1982,12,12,1367.503
1982,12,13,1367.029
1982,12,14,1366.738
1982,12,15,1367.296
1982,12,16,1367.399
1982,12,17,1368.507
1982,12,18,1368.901
1982,12,19,1368.426
1982,12,20,1368.524
1982,12,21,1368.218
1982,12,22,1368.015
1982,12,23,1367.895
1982,12,24,
1982,12,25,1368.087
1982,12,26,
1982,12,27,
1982,12,28,1367.446
1982,12,29,1367.929
1982,12,30,
1982,12,31,1367.817
1983,1,1,
1983,1,2,1368.778
1983,1,3,1367.769
1983,1,4,1367.682
1983,1,5,1367.379
1983,1,6,1368.553
1983,1,7,1368.206
1983,1,8,1367.129
1983,1,9,1367.865
1983,1,10,1368.518
1983,1,11,1367.506
1983,1,12,1367.836
1983,1,13,1368.595
1983,1,14,1368.171
1983,1,15,1367.452
1983,1,16,1367.298
1983,1,17,1367.652
1983,1,18,1366.998
1983,1,19,1367.244
1983,1,20,1367.236
1983,1,21,1367.204
1983,1,22,1367.842
1983,1,23,1367.385
1983,1,24,1368.164
1983,1,25,1368.338
1983,1,26,1368.137
1983,1,27,1367.809
1983,1,28,1367.751
1983,1,29,1367.885
1983,1,30,1367.714
1983,1,31,1367.872
1983,2,1,1367.946
1983,2,2,1368.061
1983,2,3,1368.013
1983,2,4,1368.234
1983,2,5,1367.45
1983,2,6,1367.457
1983,2,7,1366.871
1983,2,8,1367.459
1983,2,9,1368.156
1983,2,10,1368.38
1983,2,11,1368.495
1983,2,12,1368.331
1983,2,13,1368.76
1983,2,14,1368.036
1983,2,15,1368.191
1983,2,16,1367.913
1983,2,17,1367.351
1983,2,18,1366.964
1983,2,19,1366.278
1983,2,20,1367.985
1983,2,21,1366.351
1983,2,22,1368.285
1983,2,23,1368.116
1983,2,24,1367.973
1983,2,25,1367.859
1983,2,26,1367.176
1983,2,27,1367.356
1983,2,28,1367.517
1983,3,1,1368.002
1983,3,2,1367.309
1983,3,3,1367.902
1983,3,4,1366.621
1983,3,5,1367.03
1983,3,6,1367.119
1983,3,7,1367.551
1983,3,8,1366.026
1983,3,9,1367.683
1983,3,10,1367.947
1983,3,11,1367.85
1983,3,12,1367.727
1983,3,13,1367.604
1983,3,14,1367.213
1983,3,15,1366.495
1983,3,16,
1983,3,17,1367.973
1983,3,18,1367.56
1983,3,19,1367.629
1983,3,20,1367.628
1983,3,21,1367.347
1983,3,22,1367.319
1983,3,23,1368.393
1983,3,24,1368.106
1983,3,25,1368.567
1983,3,26,1368.242
1983,3,27,1367.164
1983,3,28,1368.001
1983,3,29,1367.532
1983,3,30,1366.748
1983,3,31,1367.588
1983,4,1,1367.564
1983,4,2,1366.925
1983,4,3,1366.485
1983,4,4,1367.432
1983,4,5,1367.902
1983,4,6,1368.159
1983,4,7,1366.986
1983,4,8,1367.041
1983,4,9,1367.293
1983,4,10,1367.619
1983,4,11,1367.297
1983,4,12,1367.61
1983,4,13,1367.09
1983,4,14,1368.167
1983,4,15,1367.772
1983,4,16,1367.512
1983,4,17,1366.936
1983,4,18,1367.326
1983,4,19,1367.726
1983,4,20,1367.681
1983,4,21,1367.906
1983,4,22,1367.443
1983,4,23,1367.981
1983,4,24,1367.733
1983,4,25,1367.149
1983,4,26,1367.505
1983,4,27,1367.601
1983,4,28,1367.52
1983,4,29,1367.513
1983,4,30,
1983,5,1,1367.171
1983,5,2,1367.982
1983,5,3,1367.738
1983,5,4,1367.987
1983,5,5,1368.064
1983,5,6,1367.609
1983,5,7,1367.594
1983,5,8,1367.857
1983,5,9,1367.104
1983,5,10,1367.066
1983,5,11,1366.812
1983,5,12,1366.195
1983,5,13,1366.72
1983,5,14,1366.832
1983,5,15,1367.09
1983,5,16,1367.034
1983,5,17,1367.649
1983,5,18,
1983,5,19,1367.248
1983,5,20,1367.911
1983,5,21,1366.761
1983,5,22,1366.609
1983,5,23,1367.016
1983,5,24,1367.56
1983,5,25,1367.441
1983,5,26,1367.844
1983,5,27,1367.718
1983,5,28,1368.14
1983,5,29,1368.414
1983,5,30,1368.443
1983,5,31,1368.341
1983,6,1,1367.612
1983,6,2,1367.629
1983,6,3,1367.072
1983,6,4,1366.908
1983,6,5,1366.5
1983,6,6,1366.341
1983,6,7,1366.584
1983,6,8,1366.403
1983,6,9,1366.639
1983,6,10,1367.178
1983,6,11,1366.992
1983,6,12,
1983,6,13,1366.913
1983,6,14,1368.089
1983,6,15,1367.808
1983,6,16,1367.901
1983,6,17,1368.029
1983,6,18,1367.516
1983,6,19,1367.507
1983,6,20,1368.18
1983,6,21,1367.888
1983,6,22,
1983,6,23,1367.746
1983,6,24,
1983,6,25,1367.749
1983,6,26,1367.952
1983,6,27,1368.177
1983,6,28,1367.61
1983,6,29,1367.49
1983,6,30,1367.408
1983,7,1,1367.066
1983,7,2,1367.444
1983,7,3,1367.147
1983,7,4,1367.809
1983,7,5,1367.791
1983,7,6,1367.785
1983,7,7,1367.813
1983,7,8,1367.503
1983,7,9,1366.949
1983,7,10,1367.849
1983,7,11,1367.433
1983,7,12,1367.462
1983,7,13,1367.62
1983,7,14,1367.522
1983,7,15,1367.489
1983,7,16,1367.638
1983,7,17,1366.667
1983,7,18,1368.137
1983,7,19,1368.104
1983,7,20,1368.219
1983,7,21,1367.864
1983,7,22,1367.597
1983,7,23,1367.716
1983,7,24,1367.855
1983,7,25,1367.565
1983,7,26,1367.674
1983,7,27,1368.065
1983,7,28,1367.609
1983,7,29,1367.658
1983,7,30,1367.608
1983,7,31,1367.248
1983,8,1,1367.27
1983,8,2,1367.123
1983,8,3,1366.648
1983,8,4,1367.182
1983,8,5,1367.709
1983,8,6,1367.743
1983,8,7,1367.793
1983,8,8,1368.177
1983,8,9,1367.964
1983,8,10,1367.031
1983,8,11,1367.777
1983,8,12,1367.438
1983,8,13,1367.539
1983,8,14,1367.769
1983,8,15,1367.973
1983,8,16,1367.153
1983,8,17,1368.295
1983,8,18,1368.156
1983,8,19,1368.044
1983,8,20,
1983,8,21,1367.623
1983,8,22,1367.816
1983,8,23,1367.419
1983,8,24,1368.227
1983,8,25,1367.848
1983,8,26,1367.381
1983,8,27,1367.845
1983,8,28,1367.682
1983,8,29,1367.578
1983,8,30,1367.686
1983,8,31,1367.551
1983,9,1,1367.895
1983,9,2,1367.64
1983,9,3,1367.86
1983,9,4,1367.68
1983,9,5,1367.763
1983,9,6,1367.174
1983,9,7,
1983,9,8,1367.784
1983,9,9,1367.745
1983,9,10,1367.824
1983,9,11,1368.213
1983,9,12,1368.166
1983,9,13,1367.614
1983,9,14,1367.768
1983,9,15,1367.724
1983,9,16,1367.443
1983,9,17,1367.704
1983,9,18,1367.618
1983,9,19,1366.81
1983,9,20,1367.828
1983,9,21,1367.992
1983,9,22,1368.064
1983,9,23,
1983,9,24,
1983,9,25,
1983,9,26,
1983,9,27,
1983,9,28,
1983,9,29,
1983,9,30,
1983,10,1,
1983,10,2,
1983,10,3,1367.592
1983,10,4,1367.874
1983,10,5,1367.765
1983,10,6,1367.222
1983,10,7,1367.357
1983,10,8,1366.662
1983,10,9,1367.661
1983,10,10,1367.648
1983,10,11,1367.725
1983,10,12,1367.901
1983,10,13,1367.886
1983,10,14,1368.079
1983,10,15,
1983,10,16,
1983,10,17,1367.896
1983,10,18,1367.324
1983,10,19,1366.98
1983,10,20,1367.556
1983,10,21,1367.243
1983,10,22,1367.841
1983,10,23,1367.592
1983,10,24,1367.027
1983,10,25,1367.257
1983,10,26,1367.008
1983,10,27,1367.669
1983,10,28,1367.389
1983,10,29,1367.079
1983,10,30,1367.527
1983,10,31,1367.854
1983,11,1,
1983,11,2,1366.996
1983,11,3,1368.032
1983,11,4,
1983,11,5,
1983,11,6,
1983,11,7,
1983,11,8,
1983,11,9,
1983,11,10,
1983,11,11,
1983,11,12,
1983,11,13,
1983,11,14,
1983,11,15,
1983,11,16,
1983,11,17,
1983,11,18,
1983,11,19,
1983,11,20,
1983,11,21,
1983,11,22,
1983,11,23,
1983,11,24,
1983,11,25,
1983,11,26,
1983,11,27,
1983,11,28,
1983,11,29,
1983,11,30,
1983,12,1,
1983,12,2,
1983,12,3,
1983,12,4,1367.711
1983,12,5,
1983,12,6,
1983,12,7,
1983,12,8,
1983,12,9,
1983,12,10,
1983,12,11,
1983,12,12,
1983,12,13,
1983,12,14,
1983,12,15,
1983,12,16,
1983,12,17,
1983,12,18,
1983,12,19,
1983,12,20,1367.859
1983,12,21,1368.404
1983,12,22,
1983,12,23,
1983,12,24,
1983,12,25,1367.966
1983,12,26,
1983,12,27,
1983,12,28,
1983,12,29,
1983,12,30,
1983,12,31,
1984,1,1,
1984,1,2,
1984,1,3,
1984,1,4,
1984,1,5,
1984,1,6,
1984,1,7,
1984,1,8,
1984,1,9,
1984,1,10,
1984,1,11,
1984,1,12,
1984,1,13,
1984,1,14,1366.746
1984,1,15,
1984,1,16,1366.851
1984,1,17,
1984,1,18,
1984,1,19,
1984,1,20,
1984,1,21,
1984,1,22,
1984,1,23,
1984,1,24,1365.774
1984,1,25,1365.846
1984,1,26,
1984,1,27,
1984,1,28,
1984,1,29,
1984,1,30,
1984,1,31,
1984,2,1,
1984,2,2,
1984,2,3,
1984,2,4,
1984,2,5,
1984,2,6,
1984,2,7,
1984,2,8,
1984,2,9,
1984,2,10,
1984,2,11,
1984,2,12,
1984,2,13,
1984,2,14,
1984,2,15,
1984,2,16,
1984,2,17,
1984,2,18,1367.485
1984,2,19,
1984,2,20,1367.211
1984,2,21,1366.498
1984,2,22,1366.676
1984,2,23,
1984,2,24,
1984,2,25,
1984,2,26,
1984,2,27,
1984,2,28,
1984,2,29,
1984,3,1,
1984,3,2,
1984,3,3,
1984,3,4,
1984,3,5,
1984,3,6,
1984,3,7,
1984,3,8,
1984,3,9,
1984,3,10,
1984,3,11,
1984,3,12,
1984,3,13,
1984,3,14,
1984,3,15,
1984,3,16,
1984,3,17,
1984,3,18,
1984,3,19,
1984,3,20,
1984,3,21,
1984,3,22,
1984,3,23,
1984,3,24,
1984,3,25,
1984,3,26,
1984,3,27,
1984,3,28,
1984,3,29,
1984,3,30,
1984,3,31,
1984,4,1,
1984,4,2,
1984,4,3,
1984,4,4,
1984,4,5,
1984,4,6,
1984,4,7,
1984,4,8,
1984,4,9,
1984,4,10,
1984,4,11,
1984,4,12,
1984,4,13,
1984,4,14,
1984,4,15,
1984,4,16,
1984,4,17,
1984,4,18,
1984,4,19,
1984,4,20,
1984,4,21,
1984,4,22,
1984,4,23,
1984,4,24,
1984,4,25,
1984,4,26,1364.903
1984,4,27,
1984,4,28,
1984,4,29,
1984,4,30,
1984,5,1,1366.245
1984,5,2,
1984,5,3,1367.257
1984,5,4,1367.505
1984,5,5,1367.538
1984,5,6,1367.519
1984,5,7,1367.317
1984,5,8,1366.98
1984,5,9,1366.559
1984,5,10,1366.186
1984,5,11,1366
1984,5,12,1366.086
1984,5,13,
1984,5,14,1366.653
1984,5,15,
1984,5,16,1367.522
1984,5,17,1367.647
1984,5,18,1367.792
1984,5,19,1367.757
1984,5,20,1367.718
1984,5,21,1367.591
1984,5,22,1367.432
1984,5,23,1367.254
1984,5,24,1367.137
1984,5,25,1367.173
1984,5,26,1367.366
1984,5,27,1367.618
1984,5,28,1367.762
1984,5,29,1367.663
1984,5,30,1367.524
1984,5,31,1367.235
1984,6,1,1367.212
1984,6,2,1367.463
1984,6,3,1367.563
1984,6,4,1367.704
1984,6,5,1367.754
1984,6,6,1367.755
1984,6,7,1367.669
1984,6,8,1367.665
1984,6,9,1367.68
1984,6,10,1367.786
1984,6,11,1367.822
1984,6,12,1367.836
1984,6,13,1367.726
1984,6,14,1367.618
1984,6,15,1367.459
1984,6,16,1367.485
1984,6,17,1367.527
1984,6,18,1367.46
1984,6,19,1367.276
1984,6,20,1367.245
1984,6,21,1367.347
1984,6,22,1367.351
1984,6,23,1367.301
1984,6,24,1367.297
1984,6,25,
1984,6,26,
1984,6,27,1367.194
1984,6,28,1367.263
1984,6,29,1367.373
1984,6,30,1367.438
1984,7,1,1367.47
1984,7,2,1367.588
1984,7,3,1367.525
1984,7,4,1367.624
1984,7,5,1367.672
1984,7,6,1367.671
1984,7,7,1367.646
1984,7,8,1367.626
1984,7,9,1367.593
1984,7,10,1367.505
1984,7,11,1367.473
1984,7,12,1367.543
1984,7,13,1367.637
1984,7,14,1367.62
1984,7,15,1367.606
1984,7,16,1367.549
1984,7,17,1367.512
1984,7,18,1367.467
1984,7,19,1367.456
1984,7,20,1367.448
1984,7,21,1367.386
1984,7,22,1367.366
1984,7,23,1367.351
1984,7,24,1367.35
1984,7,25,1367.376
1984,7,26,1367.376
1984,7,27,1367.364
1984,7,28,1367.38
1984,7,29,1367.418
1984,7,30,1367.496
1984,7,31,1367.548
1984,8,1,1367.568
1984,8,2,1367.609
1984,8,3,1367.576
1984,8,4,1367.606
1984,8,5,1367.626
1984,8,6,1367.66
1984,8,7,1367.56
1984,8,8,1367.47
1984,8,9,1367.389
1984,8,10,1367.375
1984,8,11,1367.456
1984,8,12,1367.524
1984,8,13,1367.58
1984,8,14,1367.547
1984,8,15,1367.448
1984,8,16,1367.35
1984,8,17,1367.296
1984,8,18,1367.243
1984,8,19,1367.189
1984,8,20,1367.174
1984,8,21,1367.2
1984,8,22,1367.213
1984,8,23,1367.187
1984,8,24,1367.203
1984,8,25,1367.156
1984,8,26,1367.214
1984,8,27,1367.265
1984,8,28,1367.223
1984,8,29,1367.162
1984,8,30,
1984,8,31,
1984,9,1,
1984,9,2,
1984,9,3,
1984,9,4,
1984,9,5,
1984,9,6,1367.575
1984,9,7,1367.557
1984,9,8,1367.551
1984,9,9,1367.518
1984,9,10,1367.6
1984,9,11,1367.597
1984,9,12,1367.35
1984,9,13,1367.265
1984,9,14,1367.184
1984,9,15,1367.186
1984,9,16,1367.192
1984,9,17,1367.223
1984,9,18,1367.241
1984,9,19,1367.29
1984,9,20,1367.237
1984,9,21,1367.27
1984,9,22,1367.248
1984,9,23,1367.316
1984,9,24,1367.336
1984,9,25,1367.318
1984,9,26,1367.352
1984,9,27,1367.335
1984,9,28,1367.337
1984,9,29,1367.381
1984,9,30,1367.379
1984,10,1,1367.382
1984,10,2,1367.405
1984,10,3,1367.369
1984,10,4,1367.401
1984,10,5,1367.373
1984,10,6,1367.356
1984,10,7,1367.387
1984,10,8,1367.343
1984,10,9,1367.252
1984,10,10,1367.191
1984,10,11,1367.21
1984,10,12,1367.179
1984,10,13,1367.198
1984,10,14,1367.201
1984,10,15,1367.129
1984,10,16,1367.088
1984,10,17,1367.06
1984,10,18,1367.137
1984,10,19,1367.133
1984,10,20,1367.137
1984,10,21,1367.195
1984,10,22,1367.225
1984,10,23,1367.273
1984,10,24,1367.291
1984,10,25,1367.285
1984,10,26,1367.25
1984,10,27,1367.262
1984,10,28,1367.236
1984,10,29,1367.171
1984,10,30,1367.195
1984,10,31,1367.197
1984,11,1,1367.177
1984,11,2,1367.2
1984,11,3,1367.217
1984,11,4,1367.216
1984,11,5,1367.272
1984,11,6,1367.295
1984,11,7,1367.269
1984,11,8,1367.164
1984,11,9,1367.191
1984,11,10,1367.179
1984,11,11,1367.211
1984,11,12,1367.234
1984,11,13,1366.855
1984,11,14,1367.26
1984,11,15,
1984,11,16,1367.283
1984,11,17,1367.283
1984,11,18,1367.316
1984,11,19,1367.355
1984,11,20,1367.291
1984,11,21,1367.219
1984,11,22,1367.183
1984,11,23,1367.104
1984,11,24,1367.044
1984,11,25,1366.886
1984,11,26,1366.78
1984,11,27,1366.763
1984,11,28,1366.907
1984,11,29,1367.093
1984,11,30,1367.223
1984,12,1,1367.337
1984,12,2,1367.39
1984,12,3,1367.347
1984,12,4,1367.25
1984,12,5,1367.219
1984,12,6,1367.233
1984,12,7,1367.197
1984,12,8,1367.208
1984,12,9,1367.23
1984,12,10,1367.234
1984,12,11,1367.129
1984,12,12,1367.09
1984,12,13,1367.125
1984,12,14,1367.144
1984,12,15,1367.196
1984,12,16,1367.095
1984,12,17,1367.14
1984,12,18,1367.183
1984,12,19,1367.243
1984,12,20,1367.26
1984,12,21,1367.204
1984,12,22,1367.205
1984,12,23,
1984,12,24,1367.128
1984,12,25,1367.147
1984,12,26,1367.216
1984,12,27,1367.2
1984,12,28,
1984,12,29,1367.217
1984,12,30,
1984,12,31,1367.25
1985,1,1,1367.358
1985,1,2,1367.42
1985,1,3,1367.312
1985,1,4,1367.381
1985,1,5,1367.366
1985,1,6,
1985,1,7,1367.328
1985,1,8,
1985,1,9,1367.237
1985,1,10,1367.172
1985,1,11,1367.156
1985,1,12,1367.167
1985,1,13,1367.067
1985,1,14,1367.005
1985,1,15,1367.006
1985,1,16,1366.969
1985,1,17,1366.961
1985,1,18,1367.061
1985,1,19,1367.006
1985,1,20,1366.742
1985,1,21,1366.7
1985,1,22,1366.851
1985,1,23,1367.092
1985,1,24,1367.155
1985,1,25,1367.121
1985,1,26,1367.077
1985,1,27,1367.071
1985,1,28,1367.096
1985,1,29,1367.06
1985,1,30,1367.07
1985,1,31,1367.071
1985,2,1,1367.052
1985,2,2,1366.964
1985,2,3,1367.09
1985,2,4,1367.22
1985,2,5,1367.178
1985,2,6,1367.172
1985,2,7,1367.148
1985,2,8,1367.172
1985,2,9,1367.257
1985,2,10,1367.291
1985,2,11,1367.246
1985,2,12,1367.226
1985,2,13,1367.186
1985,2,14,1367.163
1985,2,15,1367.158
1985,2,16,1367.148
1985,2,17,1367.158
1985,2,18,1367.2
1985,2,19,1367.196
1985,2,20,1367.178
1985,2,21,1367.132
1985,2,22,1367.09
1985,2,23,1367.092
1985,2,24,1367.059
1985,2,25,1367.024
1985,2,26,1367.012
1985,2,27,1367.011
1985,2,28,1367.063
1985,3,1,1367.09
1985,3,2,1367.184
1985,3,3,1367.04
1985,3,4,1366.999
1985,3,5,1367.006
1985,3,6,1367.034
1985,3,7,1367.003
1985,3,8,1367.026
1985,3,9,1367.048
1985,3,10,1367.086
1985,3,11,1367.026
1985,3,12,1367.068
1985,3,13,1367.073
1985,3,14,1367.078
1985,3,15,1367.039
1985,3,16,1367.056
1985,3,17,1367.044
1985,3,18,1367.096
1985,3,19,1367.113
1985,3,20,1367.118
1985,3,21,1367.144
1985,3,22,1367.136
1985,3,23,1367.138
1985,3,24,1367.088
1985,3,25,1366.978
1985,3,26,1366.933
1985,3,27,1366.897
1985,3,28,1366.873
1985,3,29,1366.915
1985,3,30,1366.936
1985,3,31,1367.01
1985,4,1,1367.036
1985,4,2,1367.11
1985,4,3,1366.993
1985,4,4,1366.965
1985,4,5,1366.994
1985,4,6,1367.048
1985,4,7,1366.971
1985,4,8,1366.996
1985,4,9,1366.988
1985,4,10,1367.01
1985,4,11,1366.965
1985,4,12,1366.962
1985,4,13,1366.986
1985,4,14,1366.989
1985,4,15,1366.982
1985,4,16,1367.009
1985,4,17,1367.077
1985,4,18,1367.028
1985,4,19,1367.061
1985,4,20,1367.094
1985,4,21,1367.034
1985,4,22,1366.787
1985,4,23,1366.529
1985,4,24,1366.344
1985,4,25,1366.29
1985,4,26,1366.3
1985,4,27,1366.494
1985,4,28,1366.752
1985,4,29,1366.856
1985,4,30,1366.961
1985,5,1,1367.196
1985,5,2,1367.199
1985,5,3,1367.087
1985,5,4,1367.105
1985,5,5,1367.067
1985,5,6,1367.005
1985,5,7,1367.017
1985,5,8,1366.91
1985,5,9,1366.882
1985,5,10,1366.796
1985,5,11,1366.658
1985,5,12,1366.618
1985,5,13,1366.569
1985,5,14,1366.592
1985,5,15,1366.695
1985,5,16,1366.881
1985,5,17,
1985,5,18,
1985,5,19,1367.1
1985,5,20,1366.969
1985,5,21,1366.917
1985,5,22,1366.946
1985,5,23,1366.996
1985,5,24,1367.038
1985,5,25,1367.069
1985,5,26,1367.098
1985,5,27,1367.099
1985,5,28,1367.033
1985,5,29,1366.956
1985,5,30,1366.942
1985,5,31,1367.158
1985,6,1,1367.002
1985,6,2,1366.995
1985,6,3,1367.023
1985,6,4,1367.037
1985,6,5,1367.034
1985,6,6,1367.024
1985,6,7,1366.928
1985,6,8,1367.068
1985,6,9,1366.873
1985,6,10,1366.8
1985,6,11,1366.823
1985,6,12,1367.043
1985,6,13,1367.143
1985,6,14,
1985,6,15,1367.269
1985,6,16,1367.281
1985,6,17,1367.245
1985,6,18,1367.166
1985,6,19,1367.114
1985,6,20,1367.079
1985,6,21,1367.046
1985,6,22,1367.043
1985,6,23,1366.913
1985,6,24,1366.952
1985,6,25,1366.908
1985,6,26,1366.922
1985,6,27,1366.878
1985,6,28,1366.903
1985,6,29,1366.944
1985,6,30,1367.056
1985,7,1,1367.128
1985,7,2,1367.192
1985,7,3,1366.999
1985,7,4,1367.01
1985,7,5,1366.895
1985,7,6,1366.709
1985,7,7,1366.503
1985,7,8,1366.531
1985,7,9,1366.638
1985,7,10,1366.783
1985,7,11,1367.007
1985,7,12,1367.063
1985,7,13,1367.05
1985,7,14,1367.005
1985,7,15,1366.963
1985,7,16,1366.972
1985,7,17,1366.984
1985,7,18,1366.977
1985,7,19,1366.969
1985,7,20,1367.022
1985,7,21,1367.014
1985,7,22,1366.968
1985,7,23,1366.967
1985,7,24,1366.952
1985,7,25,1366.995
1985,7,26,1367.052
1985,7,27,1367.181
1985,7,28,1367.215
1985,7,29,1367.281
1985,7,30,1367.242
1985,7,31,1367.253
1985,8,1,1367.185
1985,8,2,1367.182
1985,8,3,1367.24
1985,8,4,1367.21
1985,8,5,1367.236
1985,8,6,1367.257
1985,8,7,1367.24
1985,8,8,1367.181
1985,8,9,1367.035
1985,8,10,1366.983
1985,8,11,1366.927
1985,8,12,1366.917
1985,8,13,1366.896
1985,8,14,1366.944
1985,8,15,1366.964
1985,8,16,1366.949
1985,8,17,1366.923
1985,8,18,1366.879
1985,8,19,1366.908
1985,8,20,1366.882
1985,8,21,1366.967
1985,8,22,1366.95
1985,8,23,1367.038
1985,8,24,1367.084
1985,8,25,1367.115
1985,8,26,1367.129
1985,8,27,1367.142
1985,8,28,1367.127
1985,8,29,1367.138
1985,8,30,1367.148
1985,8,31,1367.127
1985,9,1,1367.156
1985,9,2,1367.344
1985,9,3,1367.106
1985,9,4,1367.048
1985,9,5,1366.992
1985,9,6,1367.022
1985,9,7,1367.013
1985,9,8,1366.966
1985,9,9,1366.985
1985,9,10,1367.005
1985,9,11,1366.991
1985,9,12,1366.979
1985,9,13,1367.045
1985,9,14,1367.007
1985,9,15,1366.996
1985,9,16,1366.986
1985,9,17,1366.96
1985,9,18,1366.943
1985,9,19,1366.971
1985,9,20,1366.989
1985,9,21,1367.071
1985,9,22,1367.072
1985,9,23,1367.076
1985,9,24,
1985,9,25,1367.027
1985,9,26,1367.021
1985,9,27,1366.915
1985,9,28,1367.005
1985,9,29,1366.983
1985,9,30,1367.018
1985,10,1,1367.032
1985,10,2,1366.913
1985,10,3,1366.938
1985,10,4,1366.918
1985,10,5,1366.867
1985,10,6,1366.918
1985,10,7,1366.951
1985,10,8,1366.929
1985,10,9,1366.901
1985,10,10,
1985,10,11,1366.954
1985,10,12,1366.952
1985,10,13,1366.894
1985,10,14,1366.934
1985,10,15,1366.956
1985,10,16,1367.076
1985,10,17,1367.052
1985,10,18,1367.017
1985,10,19,1366.916
1985,10,20,1366.803
1985,10,21,1366.689
1985,10,22,1366.459
1985,10,23,
1985,10,24,1366.703
1985,10,25,1366.997
1985,10,26,1367.141
1985,10,27,1367.137
1985,10,28,1367.073
1985,10,29,1366.999
1985,10,30,1366.926
1985,10,31,1366.928
1985,11,1,1366.992
1985,11,2,1367.058
1985,11,3,1366.967
1985,11,4,1366.955
1985,11,5,1366.926
1985,11,6,1366.888
1985,11,7,1366.924
1985,11,8,1366.949
1985,11,9,1366.938
1985,11,10,1366.986
1985,11,11,1367.024
1985,11,12,1367.066
1985,11,13,1367.142
1985,11,14,1367.072
1985,11,15,1366.963
1985,11,16,
1985,11,17,1366.991
1985,11,18,1367.034
1985,11,19,1367.089
1985,11,20,1367.137
1985,11,21,1367.21
1985,11,22,1367.255
1985,11,23,
1985,11,24,1367.133
1985,11,25,1367.093
1985,11,26,
1985,11,27,
1985,11,28,
1985,11,29,
1985,11,30,
1985,12,1,
1985,12,2,
1985,12,3,1366.767
1985,12,4,1366.901
1985,12,5,1366.946
1985,12,6,1366.979
1985,12,7,1367.003
1985,12,8,1367.032
1985,12,9,1367.134
1985,12,10,1367.253
1985,12,11,1367.224
1985,12,12,1367.195
1985,12,13,1367.181
1985,12,14,1367.164
1985,12,15,1367.111
1985,12,16,1367.011
1985,12,17,1367.03
1985,12,18,1367.132
1985,12,19,1367.21
1985,12,20,1367.149
1985,12,21,1367.105
1985,12,22,1367.036
1985,12,23,1367.005
1985,12,24,1366.874
1985,12,25,1366.898
1985,12,26,1366.935
1985,12,27,1366.984
1985,12,28,1366.997
1985,12,29,1366.991
1985,12,30,1366.989
1985,12,31,1366.979
1986,1,1,1366.958
1986,1,2,1366.988
1986,1,3,1367.111
1986,1,4,1367.112
1986,1,5,1367.197
1986,1,6,1367.261
1986,1,7,1367.334
1986,1,8,1367.433
1986,1,9,
1986,1,10,
1986,1,11,
1986,1,12,
1986,1,13,
1986,1,14,
1986,1,15,
1986,1,16,
1986,1,17,
1986,1,18,
1986,1,19,
1986,1,20,
1986,1,21,
1986,1,22,1366.901
1986,1,23,1366.9
1986,1,24,1366.907
1986,1,25,1366.945
1986,1,26,1366.886
1986,1,27,1366.89
1986,1,28,1366.864
1986,1,29,1366.849
1986,1,30,1366.959
1986,1,31,1367.06
1986,2,1,1367.089
1986,2,2,1366.959
1986,2,3,1366.668
1986,2,4,1366.613
1986,2,5,1366.622
1986,2,6,1366.71
1986,2,7,1366.896
1986,2,8,1366.988
1986,2,9,1367.031
1986,2,10,1366.951
1986,2,11,1366.828
1986,2,12,1366.805
1986,2,13,1366.983
1986,2,14,1367.042
1986,2,15,1366.983
1986,2,16,1366.999
1986,2,17,1367.011
1986,2,18,1367.002
1986,2,19,1366.905
1986,2,20,1366.981
1986,2,21,1366.985
1986,2,22,1367.029
1986,2,23,1367.008
1986,2,24,1367.003
1986,2,25,1367.011
1986,2,26,1367.022
1986,2,27,1367.057
1986,2,28,1367.11
1986,3,1,1367.295
1986,3,2,1367.391
1986,3,3,1367.132
1986,3,4,1367.033
1986,3,5,1366.911
1986,3,6,1366.864
1986,3,7,1366.899
1986,3,8,1366.988
1986,3,9,1367.112
1986,3,10,1367.154
1986,3,11,1367.169
1986,3,12,1367.076
1986,3,13,1366.947
1986,3,14,
1986,3,15,1366.874
1986,3,16,1366.895
1986,3,17,1366.879
1986,3,18,1366.87
1986,3,19,1366.89
1986,3,20,1366.948
1986,3,21,1366.964
1986,3,22,1366.959
1986,3,23,1366.965
1986,3,24,1366.948
1986,3,25,1366.988
1986,3,26,1366.998
1986,3,27,1367.019
1986,3,28,1367.066
1986,3,29,1367.139
1986,3,30,1367.15
1986,3,31,1367.128
1986,4,1,1367.15
1986,4,2,1367.089
1986,4,3,1367.034
1986,4,4,1367.079
1986,4,5,1367.062
1986,4,6,1367.01
1986,4,7,1367.013
1986,4,8,1367.022
1986,4,9,1367.02
1986,4,10,1366.903
1986,4,11,1366.941
1986,4,12,1366.905
1986,4,13,1366.877
1986,4,14,1366.999
1986,4,15,1367.042
1986,4,16,1367.097
1986,4,17,1367.067
1986,4,18,1367.012
1986,4,19,1366.933
1986,4,20,1366.907
1986,4,21,1366.908
1986,4,22,1366.951
1986,4,23,1366.82
1986,4,24,
1986,4,25,
1986,4,26,
1986,4,27,
1986,4,28,
1986,4,29,
1986,4,30,
1986,5,1,1367.028
1986,5,2,1367.155
1986,5,3,1367.336
1986,5,4,1367.03
1986,5,5,1367.017
1986,5,6,1367.203
1986,5,7,1366.904
1986,5,8,1366.96
1986,5,9,1366.916
1986,5,10,1366.968
1986,5,11,1367.058
1986,5,12,1367.148
1986,5,13,1366.969
1986,5,14,1366.939
1986,5,15,1366.974
1986,5,16,1367.035
1986,5,17,1366.996
1986,5,18,1367.026
1986,5,19,1367.084
1986,5,20,1367.155
1986,5,21,1367.215
1986,5,22,1367.343
1986,5,23,1367.193
1986,5,24,1367.109
1986,5,25,1367.07
1986,5,26,1367.052
1986,5,27,1367.026
1986,5,28,1367.074
1986,5,29,1367.05
1986,5,30,1366.994
1986,5,31,1366.926
1986,6,1,
1986,6,2,1367.051
1986,6,3,1367
1986,6,4,1366.848
1986,6,5,1366.82
1986,6,6,1366.912
1986,6,7,1367.066
1986,6,8,1366.901
1986,6,9,1367.073
1986,6,10,1366.948
1986,6,11,1366.938
1986,6,12,
1986,6,13,1366.968
1986,6,14,1367.115
1986,6,15,1367.048
1986,6,16,1367.173
1986,6,17,1367.41
1986,6,18,1367.112
1986,6,19,1367.169
1986,6,20,1367.13
1986,6,21,1367.175
1986,6,22,1367.094
1986,6,23,1367.135
1986,6,24,1367.066
1986,6,25,1367.002
1986,6,26,1366.92
1986,6,27,1366.904
1986,6,28,1366.894
1986,6,29,1366.959
1986,6,30,1367.109
1986,7,1,1366.877
1986,7,2,1367.043
1986,7,3,1367.267
1986,7,4,1367.205
1986,7,5,1367.159
1986,7,6,1366.854
1986,7,7,1366.942
1986,7,8,1366.874
1986,7,9,1366.895
1986,7,10,1366.816
1986,7,11,1366.782
1986,7,12,1366.929
1986,7,13,1366.921
1986,7,14,1366.94
1986,7,15,1367.011
1986,7,16,1367.128
1986,7,17,1367.128
1986,7,18,1367.038
1986,7,19,1367.165
1986,7,20,1367.001
1986,7,21,1366.986
1986,7,22,1366.962
1986,7,23,1366.948
1986,7,24,1366.92
1986,7,25,1366.935
1986,7,26,1366.942
1986,7,27,1366.899
1986,7,28,1366.892
1986,7,29,1366.898
1986,7,30,1366.877
1986,7,31,
1986,8,1,1366.792
1986,8,2,1366.819
1986,8,3,1366.933
1986,8,4,1366.857
1986,8,5,1366.995
1986,8,6,1366.93
1986,8,7,1367.056
1986,8,8,1367.005
1986,8,9,1366.977
1986,8,10,1366.97
1986,8,11,1367.046
1986,8,12,1367.023
1986,8,13,1367.042
1986,8,14,1367.064
1986,8,15,1367
1986,8,16,1366.879
1986,8,17,1366.946
1986,8,18,1366.927
1986,8,19,1366.95
1986,8,20,1366.914
1986,8,21,1366.889
1986,8,22,1366.908
1986,8,23,1366.904
1986,8,24,1367.069
1986,8,25,1366.912
1986,8,26,1367.006
1986,8,27,1366.835
1986,8,28,1366.799
1986,8,29,1366.82
1986,8,30,1366.943
1986,8,31,1366.837
1986,9,1,1366.879
1986,9,2,1367.089
1986,9,3,1366.865
1986,9,4,1366.918
1986,9,5,1366.921
1986,9,6,1366.943
1986,9,7,1366.982
1986,9,8,1366.924
1986,9,9,1366.937
1986,9,10,1366.946
1986,9,11,1366.946
1986,9,12,1366.941
1986,9,13,1366.955
1986,9,14,1367.124
1986,9,15,1366.97
1986,9,16,1366.926
1986,9,17,1366.941
1986,9,18,1366.964
1986,9,19,1366.927
1986,9,20,1366.999
1986,9,21,1366.978
1986,9,22,1366.997
1986,9,23,1366.996
1986,9,24,1367.092
1986,9,25,1367.043
1986,9,26,1366.983
1986,9,27,1366.989
1986,9,28,1366.93
1986,9,29,1366.941
1986,9,30,1367.017
1986,10,1,1367.137
1986,10,2,1366.977
1986,10,3,1367.045
1986,10,4,1366.932
1986,10,5,1367.316
1986,10,6,1366.99
1986,10,7,1367.157
1986,10,8,
1986,10,9,1367.097
1986,10,10,1367.015
1986,10,11,1367.053
1986,10,12,1367.036
1986,10,13,1366.95
1986,10,14,1366.907
1986,10,15,1366.874
1986,10,16,1367.06
1986,10,17,1367
1986,10,18,1366.997
1986,10,19,1366.903
1986,10,20,1366.861
1986,10,21,1366.845
1986,10,22,1366.811
1986,10,23,1366.827
1986,10,24,1366.776
1986,10,25,1366.917
1986,10,26,1367.054
1986,10,27,1367.151
1986,10,28,1367.144
1986,10,29,1367.197
1986,10,30,1367.118
1986,10,31,1367.059
1986,11,1,1366.868
1986,11,2,1366.887
1986,11,3,1366.917
1986,11,4,1367.18
1986,11,5,1366.993
1986,11,6,1367.051
1986,11,7,1367.101
1986,11,8,1367.041
1986,11,9,1366.999
1986,11,10,1366.909
1986,11,11,1366.925
1986,11,12,1366.931
1986,11,13,
1986,11,14,1366.991
1986,11,15,1367.096
1986,11,16,1367.204
1986,11,17,1367.134
1986,11,18,1367.164
1986,11,19,1367.122
1986,11,20,1367.139
1986,11,21,1367.188
1986,11,22,1367.172
1986,11,23,1367.194
1986,11,24,1367.276
1986,11,25,1367.272
1986,11,26,1367.244
1986,11,27,1367.216
1986,11,28,1367.241
1986,11,29,1367.215
1986,11,30,1367.235
1986,12,1,1367.23
1986,12,2,1367.262
1986,12,3,1367.193
1986,12,4,1367.188
1986,12,5,1367.069
1986,12,6,1367.155
1986,12,7,1367.018
1986,12,8,1367.014
1986,12,9,1366.94
1986,12,10,1366.933
1986,12,11,1366.95
1986,12,12,1366.967
1986,12,13,1366.982
1986,12,14,1367.083
1986,12,15,1367.051
1986,12,16,1367.119
1986,12,17,1367.054
1986,12,18,1367.02
1986,12,19,1367.018
1986,12,20,1367.056
1986,12,21,1367.075
1986,12,22,1366.993
1986,12,23,1367.024
1986,12,24,1367.094
1986,12,25,1367
1986,12,26,1366.978
1986,12,27,1366.957
1986,12,28,1366.98
1986,12,29,1366.915
1986,12,30,1366.931
1986,12,31,
1987,1,1,1366.852
1987,1,2,1367.06
1987,1,3,1366.861
1987,1,4,1366.914
1987,1,5,1366.923
1987,1,6,1366.999
1987,1,7,1366.951
1987,1,8,1366.873
1987,1,9,1366.939
1987,1,10,1366.921
1987,1,11,1366.981
1987,1,12,1366.996
1987,1,13,1367.224
1987,1,14,1367.045
1987,1,15,1367.114
1987,1,16,1367.17
1987,1,17,1367.153
1987,1,18,1367.149
1987,1,19,1367.333
1987,1,20,1367.201
1987,1,21,1367.065
1987,1,22,1367.021
1987,1,23,1367.185
1987,1,24,1366.999
1987,1,25,1366.966
1987,1,26,1366.933
1987,1,27,1366.861
1987,1,28,1366.846
1987,1,29,1366.866
1987,1,30,1366.829
1987,1,31,1366.858
1987,2,1,1366.897
1987,2,2,1366.964
1987,2,3,1366.871
1987,2,4,1366.824
1987,2,5,1366.962
1987,2,6,1366.869
1987,2,7,1366.838
1987,2,8,1367.005
1987,2,9,1367.004
1987,2,10,1366.936
1987,2,11,1366.949
1987,2,12,1367.023
1987,2,13,1366.95
1987,2,14,1366.998
1987,2,15,1367.042
1987,2,16,1367.027
1987,2,17,1367.061
1987,2,18,1366.961
1987,2,19,1366.98
1987,2,20,1366.953
1987,2,21,1366.977
1987,2,22,1366.971
1987,2,23,1366.905
1987,2,24,1366.932
1987,2,25,1366.872
1987,2,26,1366.942
1987,2,27,1367.008
1987,2,28,1367.075
1987,3,1,1366.924
1987,3,2,1367.129
1987,3,3,1366.925
1987,3,4,1367.249
1987,3,5,1366.92
1987,3,6,1366.823
1987,3,7,1366.811
1987,3,8,1366.839
1987,3,9,1366.831
1987,3,10,1366.827
1987,3,11,1366.815
1987,3,12,1366.823
1987,3,13,1366.821
1987,3,14,1366.832
1987,3,15,1366.881
1987,3,16,1366.906
1987,3,17,1366.883
1987,3,18,1366.9
1987,3,19,1366.92
1987,3,20,1366.921
1987,3,21,1367.095
1987,3,22,1366.917
1987,3,23,1366.917
1987,3,24,1366.934
1987,3,25,1366.948
1987,3,26,1366.971
1987,3,27,1367.008
1987,3,28,1366.926
1987,3,29,1366.922
1987,3,30,1366.713
1987,3,31,1366.821
1987,4,1,1367.129
1987,4,2,1366.808
1987,4,3,1367.11
1987,4,4,1366.708
1987,4,5,1366.82
1987,4,6,1366.751
1987,4,7,1366.54
1987,4,8,1367.126
1987,4,9,1366.543
1987,4,10,
1987,4,11,1367.118
1987,4,12,1366.545
1987,4,13,1366.703
1987,4,14,1367.193
1987,4,15,1366.841
1987,4,16,1366.93
1987,4,17,1367.036
1987,4,18,1367.138
1987,4,19,1367.211
1987,4,20,1367.078
1987,4,21,1366.947
1987,4,22,1367.023
1987,4,23,1367.109
1987,4,24,1366.981
1987,4,25,1366.961
1987,4,26,1366.981
1987,4,27,1366.9
1987,4,28,1366.856
1987,4,29,1366.887
1987,4,30,1366.948
1987,5,1,1366.92
1987,5,2,1366.998
1987,5,3,1366.941
1987,5,4,1367.092
1987,5,5,1367.296
1987,5,6,1367.15
1987,5,7,1367.163
1987,5,8,1367.143
1987,5,9,1367.188
1987,5,10,1367.251
1987,5,11,1367.228
1987,5,12,1367.292
1987,5,13,1367.363
1987,5,14,1367.281
1987,5,15,1367.314
1987,5,16,1367.28
1987,5,17,1367.044
1987,5,18,1366.977
1987,5,19,1366.844
1987,5,20,1366.698
1987,5,21,1367.155
1987,5,22,1366.525
1987,5,23,1366.882
1987,5,24,1366.957
1987,5,25,1366.915
1987,5,26,1367.032
1987,5,27,1366.95
1987,5,28,1366.798
1987,5,29,1366.962
1987,5,30,1366.817
1987,5,31,1366.883
1987,6,1,1366.994
1987,6,2,1367.087
1987,6,3,1367.057
1987,6,4,1367.078
1987,6,5,1367.073
1987,6,6,1367.098
1987,6,7,1367.127
1987,6,8,1367.143
1987,6,9,1367.129
1987,6,10,1367.109
1987,6,11,1367.128
1987,6,12,1367.16
1987,6,13,1367.24
1987,6,14,1367.229
1987,6,15,1367.282
1987,6,16,1367.277
1987,6,17,1367.119
1987,6,18,
1987,6,19,1367.174
1987,6,20,1367.188
1987,6,21,1367.23
1987,6,22,1367.112
1987,6,23,1367.008
1987,6,24,1366.986
1987,6,25,1367.042
1987,6,26,1367.061
1987,6,27,1367.175
1987,6,28,1367.172
1987,6,29,1367.122
1987,6,30,
1987,7,1,1367.127
1987,7,2,1367.261
1987,7,3,1367.084
1987,7,4,1367.085
1987,7,5,1367.101
1987,7,6,1367.033
1987,7,7,1367.024
1987,7,8,1366.964
1987,7,9,1366.988
1987,7,10,1366.97
1987,7,11,1366.952
1987,7,12,1366.985
1987,7,13,1366.997
1987,7,14,1367.05
1987,7,15,1367.055
1987,7,16,1367.112
1987,7,17,1367.128
1987,7,18,1367.138
1987,7,19,1367.258
1987,7,20,1367.143
1987,7,21,1367.162
1987,7,22,1367.149
1987,7,23,1367.066
1987,7,24,1367.057
1987,7,25,1367.132
1987,7,26,1367.137
1987,7,27,1367.123
1987,7,28,1367.153
1987,7,29,1367.291
1987,7,30,1367.252
1987,7,31,1367.192
1987,8,1,1367.094
1987,8,2,1367.057
1987,8,3,1367.141
1987,8,4,1367.066
1987,8,5,1367.056
1987,8,6,1367.006
1987,8,7,1366.966
1987,8,8,1367.177
1987,8,9,1366.853
1987,8,10,1367.101
1987,8,11,1367.188
1987,8,12,1367.106
1987,8,13,1367.01
1987,8,14,1366.982
1987,8,15,1366.871
1987,8,16,1366.821
1987,8,17,1366.917
1987,8,18,1366.943
1987,8,19,1366.972
1987,8,20,1367.095
1987,8,21,1367.164
1987,8,22,1367.18
1987,8,23,1367.391
1987,8,24,1367.292
1987,8,25,1367.246
1987,8,26,1367.136
1987,8,27,1367.19
1987,8,28,1367.142
1987,8,29,1367.29
1987,8,30,1367.154
1987,8,31,
1987,9,1,1367.146
1987,9,2,1367.2
1987,9,3,1367.176
1987,9,4,1367.181
1987,9,5,1367.088
1987,9,6,1367.142
1987,9,7,1366.878
1987,9,8,1366.766
1987,9,9,1366.92
1987,9,10,1367.116
1987,9,11,1367.232
1987,9,12,
1987,9,13,1367.305
1987,9,14,1367.4
1987,9,15,1367.265
1987,9,16,1367.246
1987,9,17,1367.338
1987,9,18,1367.326
1987,9,19,1367.318
1987,9,20,1367.299
1987,9,21,1367.223
1987,9,22,1367.123
1987,9,23,1367.134
1987,9,24,1367.082
1987,9,25,1367.088
1987,9,26,1367.154
1987,9,27,1367.093
1987,9,28,
1987,9,29,
1987,9,30,
1987,10,1,1367.232
1987,10,2,
1987,10,3,
1987,10,4,
1987,10,5,
1987,10,6,1367.118
1987,10,7,
1987,10,8,
1987,10,9,1367.378
1987,10,10,1367.352
1987,10,11,1367.582
1987,10,12,1367.244
1987,10,13,1367.063
1987,10,14,1366.879
1987,10,15,1366.791
1987,10,16,1366.904
1987,10,17,1367.034
1987,10,18,1367.224
1987,10,19,1367.46
1987,10,20,1367.422
1987,10,21,1367.395
1987,10,22,1367.26
1987,10,23,1367.181
1987,10,24,1367.233
1987,10,25,1367.284
1987,10,26,1367.344
1987,10,27,1367.325
1987,10,28,1367.23
1987,10,29,1367.141
1987,10,30,1367.124
1987,10,31,1367.218
1987,11,1,1367.293
1987,11,2,1367.387
1987,11,3,1367.548
1987,11,4,1367.578
1987,11,5,1367.7
1987,11,6,1367.56
1987,11,7,1367.392
1987,11,8,1367.376
1987,11,9,1367.419
1987,11,10,1367.408
1987,11,11,
1987,11,12,
1987,11,13,1367.318
1987,11,14,1367.229
1987,11,15,1367.078
1987,11,16,
1987,11,17,
1987,11,18,
1987,11,19,
1987,11,20,
1987,11,21,1366.976
1987,11,22,1367.155
1987,11,23,1367.356
1987,11,24,1367.399
1987,11,25,1367.484
1987,11,26,1367.562
1987,11,27,
1987,11,28,
1987,11,29,
1987,11,30,
1987,12,1,1367.64
1987,12,2,1367.683
1987,12,3,1367.636
1987,12,4,1367.62
1987,12,5,1367.606
1987,12,6,1367.556
1987,12,7,
1987,12,8,
1987,12,9,1367.559
1987,12,10,1367.584
1987,12,11,1367.495
1987,12,12,1367.472
1987,12,13,1367.449
1987,12,14,1367.536
1987,12,15,1367.532
1987,12,16,1367.454
1987,12,17,1367.429
1987,12,18,1367.376
1987,12,19,1367.369
1987,12,20,1367.424
1987,12,21,1367.438
1987,12,22,1367.448
1987,12,23,1367.483
1987,12,24,1367.437
1987,12,25,1367.43
1987,12,26,1367.427
1987,12,27,1367.359
1987,12,28,1367.353
1987,12,29,1367.359
1987,12,30,1367.382
1987,12,31,
1988,1,1,1367.21
1988,1,2,1367.217
1988,1,3,1367.299
1988,1,4,1367.514
1988,1,5,1367.565
1988,1,6,1367.598
1988,1,7,1367.66
1988,1,8,1367.332
1988,1,9,1367.433
1988,1,10,1367.373
1988,1,11,1367.407
1988,1,12,1367.478
1988,1,13,1367.644
1988,1,14,1367.772
1988,1,15,1367.798
1988,1,16,1367.483
1988,1,17,1367.467
1988,1,18,1367.428
1988,1,19,1367.359
1988,1,20,1367.157
1988,1,21,1367.246
1988,1,22,1367.339
1988,1,23,1367.55
1988,1,24,1367.66
1988,1,25,1367.626
1988,1,26,1367.556
1988,1,27,1367.221
1988,1,28,1367.342
1988,1,29,1367.419
1988,1,30,1367.451
1988,1,31,1367.535
1988,2,1,1367.346
1988,2,2,1367.646
1988,2,3,1367.61
1988,2,4,1367.606
1988,2,5,1367.575
1988,2,6,1367.573
1988,2,7,1367.526
1988,2,8,1367.659
1988,2,9,1367.738
1988,2,10,1367.756
1988,2,11,1367.764
1988,2,12,1367.6
1988,2,13,1367.502
1988,2,14,1367.481
1988,2,15,1367.355
1988,2,16,1367.3
1988,2,17,1367.198
1988,2,18,1367.134
1988,2,19,1367.057
1988,2,20,1367.134
1988,2,21,1367.193
1988,2,22,1367.248
1988,2,23,1367.359
1988,2,24,1367.373
1988,2,25,1367.436
1988,2,26,1367.43
1988,2,27,1367.29
1988,2,28,1367.454
1988,2,29,
1988,3,1,1367.34
1988,3,2,1367.204
1988,3,3,1367.225
1988,3,4,1367.174
1988,3,5,1367.31
1988,3,6,1367.331
1988,3,7,1367.424
1988,3,8,1367.52
1988,3,9,1367.527
1988,3,10,1367.551
1988,3,11,1367.467
1988,3,12,1367.63
1988,3,13,1367.541
1988,3,14,1367.324
1988,3,15,1367.167
1988,3,16,1366.816
1988,3,17,1366.774
1988,3,18,1366.695
1988,3,19,1366.771
1988,3,20,1366.885
1988,3,21,1367.173
1988,3,22,1367.348
1988,3,23,1367.286
1988,3,24,1367.314
1988,3,25,1367.302
1988,3,26,1366.937
1988,3,27,1367.314
1988,3,28,1367.297
1988,3,29,1367.175
1988,3,30,1367.135
1988,3,31,1367.147
1988,4,1,1367.091
1988,4,2,1367.239
1988,4,3,1367.397
1988,4,4,1367.477
1988,4,5,1367.603
1988,4,6,1367.323
1988,4,7,1367.244
1988,4,8,1367.217
1988,4,9,1367.4
1988,4,10,1367.519
1988,4,11,1367.496
1988,4,12,1367.53
1988,4,13,1367.654
1988,4,14,1367.311
1988,4,15,1367.079
1988,4,16,1366.865
1988,4,17,1366.917
1988,4,18,1367.041
1988,4,19,1367.133
1988,4,20,1367.485
1988,4,21,1367.423
1988,4,22,1367.683
1988,4,23,1367.737
1988,4,24,1367.676
1988,4,25,1367.465
1988,4,26,1367.423
1988,4,27,1367.304
1988,4,28,1367.237
1988,4,29,1367.213
1988,4,30,
1988,5,1,1367.258
1988,5,2,1367.341
1988,5,3,1367.415
1988,5,4,1367.424
1988,5,5,1367.547
1988,5,6,1367.84
1988,5,7,1367.62
1988,5,8,1367.738
1988,5,9,1367.668
1988,5,10,1367.845
1988,5,11,1367.811
1988,5,12,1367.828
1988,5,13,1367.836
1988,5,14,1367.779
1988,5,15,1367.75
1988,5,16,1367.627
1988,5,17,1367.583
1988,5,18,1367.601
1988,5,19,1367.639
1988,5,20,1367.764
1988,5,21,1367.705
1988,5,22,1367.817
1988,5,23,1367.771
1988,5,24,1367.631
1988,5,25,1367.401
1988,5,26,1367.207
1988,5,27,1367.167
1988,5,28,1367.208
1988,5,29,1367.276
1988,5,30,1367.38
1988,5,31,1367.498
1988,6,1,1367.553
1988,6,2,1367.589
1988,6,3,1367.187
1988,6,4,1367.094
1988,6,5,1367.115
1988,6,6,1367.29
1988,6,7,1367.445
1988,6,8,1367.432
1988,6,9,1367.524
1988,6,10,1367.738
1988,6,11,1367.711
1988,6,12,1367.485
1988,6,13,1367.429
1988,6,14,1367.32
1988,6,15,1367.426
1988,6,16,1367.512
1988,6,17,1367.457
1988,6,18,1367.306
1988,6,19,1367.334
1988,6,20,1367.177
1988,6,21,1367.112
1988,6,22,1367.062
1988,6,23,1366.937
1988,6,24,1366.941
1988,6,25,1367.285
1988,6,26,1367.628
1988,6,27,1367.38
1988,6,28,1366.813
1988,6,29,1365.9
1988,6,30,1365.344
1988,7,1,1365.219
1988,7,2,
1988,7,3,1365.346
1988,7,4,1366.024
1988,7,5,1366.956
1988,7,6,1367.688
1988,7,7,1367.831
1988,7,8,1367.646
1988,7,9,1367.177
1988,7,10,1366.985
1988,7,11,1366.91
1988,7,12,1366.96
1988,7,13,1367.156
1988,7,14,1367.07
1988,7,15,1366.979
1988,7,16,1366.673
1988,7,17,1366.547
1988,7,18,1366.772
1988,7,19,1366.961
1988,7,20,1367.086
1988,7,21,1367.317
1988,7,22,1367.564
1988,7,23,1367.737
1988,7,24,1368.052
1988,7,25,1367.968
1988,7,26,1367.802
1988,7,27,1367.508
1988,7,28,1367.288
1988,7,29,1367.176
1988,7,30,1366.925
1988,7,31,1366.735
1988,8,1,1366.792
1988,8,2,1367.22
1988,8,3,1367.266
1988,8,4,1367.525
1988,8,5,1367.439
1988,8,6,1367.419
1988,8,7,1367.506
1988,8,8,1367.404
1988,8,9,1367.167
1988,8,10,1366.816
1988,8,11,1366.382
1988,8,12,1366.224
1988,8,13,1366.378
1988,8,14,1366.721
1988,8,15,1367.169
1988,8,16,1367.222
1988,8,17,1367.633
1988,8,18,1367.759
1988,8,19,1367.827
1988,8,20,1367.831
1988,8,21,1367.874
1988,8,22,1367.79
1988,8,23,1367.766
1988,8,24,1367.783
1988,8,25,1367.76
1988,8,26,1367.636
1988,8,27,1367.866
1988,8,28,1367.994
1988,8,29,1367.674
1988,8,30,1367.27
1988,8,31,1366.738
1988,9,1,1366.294
1988,9,2,1366.531
1988,9,3,1367.119
1988,9,4,1367.311
1988,9,5,1367.784
1988,9,6,1368.174
1988,9,7,1368.103
1988,9,8,1367.948
1988,9,9,1367.949
1988,9,10,1367.924
1988,9,11,1367.818
1988,9,12,1367.83
1988,9,13,1367.859
1988,9,14,1367.796
1988,9,15,1367.728
1988,9,16,1367.745
1988,9,17,1367.747
1988,9,18,1367.789
1988,9,19,1367.762
1988,9,20,1367.85
1988,9,21,1367.902
1988,9,22,1367.849
1988,9,23,1367.786
1988,9,24,1368.014
1988,9,25,1368.13
1988,9,26,1368.117
1988,9,27,1368.127
1988,9,28,1368.15
1988,9,29,1368.101
1988,9,30,1367.876
1988,10,1,1367.821
1988,10,2,1367.754
1988,10,3,1367.881
1988,10,4,1367.57
1988,10,5,1367.463
1988,10,6,1367.178
1988,10,7,1366.91
1988,10,8,1366.762
1988,10,9,1366.832
1988,10,10,1367.035
1988,10,11,1367.357
1988,10,12,1367.797
1988,10,13,1368.01
1988,10,14,1368.01
1988,10,15,1368.012
1988,10,16,1367.943
1988,10,17,1368.113
1988,10,18,1367.85
1988,10,19,1367.867
1988,10,20,1367.651
1988,10,21,1367.58
1988,10,22,1367.344
1988,10,23,1367.148
1988,10,24,1367.038
1988,10,25,1367.141
1988,10,26,1367.454
1988,10,27,1367.802
1988,10,28,1367.827
1988,10,29,1368.256
1988,10,30,1368.276
1988,10,31,1367.967
1988,11,1,1367.808
1988,11,2,1367.558
1988,11,3,1367.158
1988,11,4,1366.724
1988,11,5,1366.547
1988,11,6,1366.693
1988,11,7,1367.067
1988,11,8,1367.179
1988,11,9,1367.435
1988,11,10,1367.644
1988,11,11,1367.626
1988,11,12,1367.803
1988,11,13,1367.682
1988,11,14,1367.459
1988,11,15,1367.588
1988,11,16,1367.557
1988,11,17,1367.629
1988,11,18,1367.667
1988,11,19,1367.682
1988,11,20,1367.824
1988,11,21,1367.937
1988,11,22,1367.855
1988,11,23,1368.009
1988,11,24,1368.084
1988,11,25,1368.248
1988,11,26,1368.147
1988,11,27,1368.038
1988,11,28,1367.977
1988,11,29,1367.816
1988,11,30,1367.79
1988,12,1,1367.604
1988,12,2,1367.562
1988,12,3,1367.543
1988,12,4,1367.803
1988,12,5,1368.174
1988,12,6,1368.305
1988,12,7,1368.388
1988,12,8,1368.46
1988,12,9,
1988,12,10,1368.437
1988,12,11,1368.263
1988,12,12,1368.213
1988,12,13,1367.884
1988,12,14,1367.793
1988,12,15,1367.474
1988,12,16,1367.062
1988,12,17,1366.825
1988,12,18,1366.603
1988,12,19,1366.413
1988,12,20,1366.431
1988,12,21,1366.538
1988,12,22,1366.826
1988,12,23,1366.967
1988,12,24,1367.236
1988,12,25,1367.39
1988,12,26,1367.198
1988,12,27,1366.791
1988,12,28,1366.815
1988,12,29,1367.01
1988,12,30,1367.431
1988,12,31,1367.651
1989,1,1,1367.831
1989,1,2,1368.021
1989,1,3,1367.996
1989,1,4,1367.93
1989,1,5,1367.942
1989,1,6,1367.967
1989,1,7,1367.984
1989,1,8,1367.77
1989,1,9,1367.595
1989,1,10,1367.579
1989,1,11,1367.809
1989,1,12,1367.795
1989,1,13,1367.738
1989,1,14,1367.475
1989,1,15,1366.995
1989,1,16,1366.631
1989,1,17,1366.756
1989,1,18,1367.267
1989,1,19,1367.909
1989,1,20,1368.316
1989,1,21,1368.712
1989,1,22,1368.732
1989,1,23,1368.247
1989,1,24,
1989,1,25,1367.215
1989,1,26,1366.966
1989,1,27,1367.285
1989,1,28,1367.296
1989,1,29,1367.378
1989,1,30,1367.811
1989,1,31,1368.132
1989,2,1,1368.339
1989,2,2,1368.287
1989,2,3,1368.322
1989,2,4,1368.483
1989,2,5,1368.717
1989,2,6,1368.827
1989,2,7,1368.901
1989,2,8,1368.69
1989,2,9,1368.411
1989,2,10,1367.948
1989,2,11,1367.769
1989,2,12,1367.703
1989,2,13,1367.769
1989,2,14,1367.584
1989,2,15,1367.747
1989,2,16,1368.123
1989,2,17,1368.236
1989,2,18,1368.608
1989,2,19,1368.738
1989,2,20,1368.453
1989,2,21,1367.767
1989,2,22,1367.4
1989,2,23,1367.239
1989,2,24,1367.286
1989,2,25,1367.857
1989,2,26,1369.008
1989,2,27,1368.277
1989,2,28,1368.279
1989,3,1,1368.101
1989,3,2,1368.026
1989,3,3,1367.743
1989,3,4,1367.985
1989,3,5,1368.181
1989,3,6,1368.453
1989,3,7,1368.547
1989,3,8,1368.377
1989,3,9,1367.987
1989,3,10,1367.492
1989,3,11,1367.087
1989,3,12,1366.493
1989,3,13,1366.505
1989,3,14,1366.88
1989,3,15,1367.381
1989,3,16,1367.893
1989,3,17,1368.383
1989,3,18,1368.754
1989,3,19,1368.689
1989,3,20,1368.231
1989,3,21,1367.909
1989,3,22,1367.446
1989,3,23,1367.63
1989,3,24,
1989,3,25,1367.923
1989,3,26,1368.028
1989,3,27,1367.992
1989,3,28,1367.847
1989,3,29,1367.939
1989,3,30,1368.005
1989,3,31,1367.986
1989,4,1,1367.937
1989,4,2,1367.889
1989,4,3,1367.559
1989,4,4,1367.639
1989,4,5,1367.761
1989,4,6,1367.942
1989,4,7,1368.191
1989,4,8,1368.323
1989,4,9,1368.787
1989,4,10,1369.162
1989,4,11,1369.33
1989,4,12,1369.429
1989,4,13,1369.33
1989,4,14,1368.91
1989,4,15,1368.338
1989,4,16,1367.901
1989,4,17,1367.559
1989,4,18,1367.398
1989,4,19,1367.366
1989,4,20,1367.549
1989,4,21,1367.583
1989,4,22,1367.749
1989,4,23,1367.649
1989,4,24,1367.605
1989,4,25,1367.548
1989,4,26,1367.78
1989,4,27,1367.667
1989,4,28,1367.951
1989,4,29,1367.977
1989,4,30,1367.986
1989,5,1,1367.955
1989,5,2,1367.9
1989,5,3,1367.923
1989,5,4,1367.925
1989,5,5,1368.038
1989,5,6,1368.248
1989,5,7,1368.545
1989,5,8,1368.753
1989,5,9,1368.945
1989,5,10,1369.125
1989,5,11,1369.111
1989,5,12,1369.709
1989,5,13,1369.04
1989,5,14,1368.907
1989,5,15,1368.711
1989,5,16,1368.552
1989,5,17,1368.399
1989,5,18,1368.345
1989,5,19,1368.255
1989,5,20,1367.78
1989,5,21,1367.289
1989,5,22,1367.888
1989,5,23,1367.681
1989,5,24,1367.719
1989,5,25,1367.649
1989,5,26,1367.595
1989,5,27,1367.638
1989,5,28,1367.65
1989,5,29,1367.729
1989,5,30,1367.588
1989,5,31,1367.543
1989,6,1,1367.714
1989,6,2,
1989,6,3,
1989,6,4,
1989,6,5,
1989,6,6,
1989,6,7,
1989,6,8,
1989,6,9,
1989,6,10,
1989,6,11,
1989,6,12,
1989,6,13,
1989,6,14,
1989,6,15,
1989,6,16,
1989,6,17,
1989,6,18,
1989,6,19,
1989,6,20,
1989,6,21,
1989,6,22,
1989,6,23,
1989,6,24,
1989,6,25,
1989,6,26,
1989,6,27,
1989,6,28,
1989,6,29,
1989,6,30,
1989,7,1,
1989,7,2,
1989,7,3,
1989,7,4,
1989,7,5,
1989,7,6,
1989,7,7,
1989,7,8,
1989,7,9,
1989,7,10,
1989,7,11,
1989,7,12,
1989,7,13,
1989,7,14,
1989,7,15,
1989,7,16,
1989,7,17,
1989,7,18,
1989,7,19,
1989,7,20,
1989,7,21,
1989,7,22,
1989,7,23,
1989,7,24,
1989,7,25,
1989,7,26,
1989,7,27,
1989,7,28,
1989,7,29,
1989,7,30,
1989,7,31,
1989,8,1,
1989,8,2,
1989,8,3,
1989,8,4,
1989,8,5,
1989,8,6,
1989,8,7,
1989,8,8,
1989,8,9,
1989,8,10,
1989,8,11,
1989,8,12,
1989,8,13,
1989,8,14,
1989,8,15,
1989,8,16,
1989,8,17,
1989,8,18,
1989,8,19,
1989,8,20,
1989,8,21,
1989,8,22,
1989,8,23,
1989,8,24,
1989,8,25,
1989,8,26,
1989,8,27,
1989,8,28,
1989,8,29,
1989,8,30,
1989,8,31,
1989,9,1,
1989,9,2,
1989,9,3,
1989,9,4,
1989,9,5,
1989,9,6,
1989,9,7,
1989,9,8,
1989,9,9,
1989,9,10,
1989,9,11,
1989,9,12,
1989,9,13,
1989,9,14,
1989,9,15,
1989,9,16,
1989,9,17,
1989,9,18,
1989,9,19,
1989,9,20,
1989,9,21,
1989,9,22,
1989,9,23,
1989,9,24,
1989,9,25,
1989,9,26,
1989,9,27,
1989,9,28,
1989,9,29,
1989,9,30,
1989,10,1,
1989,10,2,
1989,10,3,
1989,10,4,
1989,10,5,
1989,10,6,
1989,10,7,
1989,10,8,
1989,10,9,
1989,10,10,
1989,10,11,
1989,10,12,
1989,10,13,
1989,10,14,
1989,10,15,
1989,10,16,
1989,10,17,
1989,10,18,
1989,10,19,
1989,10,20,
1989,10,21,
1989,10,22,
1989,10,23,
1989,10,24,
1989,10,25,
1989,10,26,
1989,10,27,
1989,10,28,
1989,10,29,
1989,10,30,
1989,10,31,
1989,11,1,
1989,11,2,
1989,11,3,
1989,11,4,
1989,11,5,
1989,11,6,
1989,11,7,
1989,11,8,
1989,11,9,
1989,11,10,
1989,11,11,
1989,11,12,
1989,11,13,
1989,11,14,
1989,11,15,
1989,11,16,
1989,11,17,
1989,11,18,
1989,11,19,
1989,11,20,
1989,11,21,
1989,11,22,
1989,11,23,
1989,11,24,
1989,11,25,
1989,11,26,
1989,11,27,
1989,11,28,
1989,11,29,
1989,11,30,
1989,12,1,
1989,12,2,
1989,12,3,
1989,12,4,
1989,12,5,
1989,12,6,
1989,12,7,
1989,12,8,
1989,12,9,
1989,12,10,
1989,12,11,
1989,12,12,
1989,12,13,
1989,12,14,
1989,12,15,
1989,12,16,
1989,12,17,
1989,12,18,
1989,12,19,
1989,12,20,
1989,12,21,
1989,12,22,
1989,12,23,
1989,12,24,
1989,12,25,
1989,12,26,
1989,12,27,
1989,12,28,
1989,12,29,
1989,12,30,
1989,12,31,
